# Airports and military airfields. Source: OurAirports (public domain), filtered to
# large/medium airports plus military airfields. Columns: code,lat,lon,type,flags
# code is the ICAO identifier, never IATA: the METAR fetch keys on it, and a mixed column
# already burned once -- Hostomel carried ICAO while Zhuliany carried IATA, and nothing could
# tell which was which. A handful of fields with no ICAO anywhere keep their local code.
# flags is a bitfield: 1 = military, 2 = helipad (rotorcraft only). It picks the pictogram
# on the dial -- see render/SiteGlyph.kt -- and nothing else; ranking is by type alone.
# No record carries flag 2 yet: the source extract has no heliports in it. Adding them is a
# data job, not a code one -- the helicopter silhouette is already wired up and tested.
OCA,25.32540,-80.27480,0,0
1MS8,32.94010,-88.57920,0,1
WKK,59.28260,-158.61800,0,0
5NC1,35.79320,-80.51230,0,1
96M,47.49827,-94.94741,0,1
OMLW,23.65128,53.82444,0,1
OMNK,24.44128,54.51696,0,1
TAPB,17.62119,-61.79835,0,0
AGGH,-9.42800,160.05499,0,0
AGGM,-8.32797,157.26300,0,0
ANYN,-0.54789,166.91952,0,0
AQBC,-74.73937,164.03539,0,0
SACT,-30.34530,-66.29407,0,0
AT03,-75.10328,123.35825,0,0
AT28,-78.46614,106.84825,0,0
YSWS,-33.88346,150.71298,0,0
YNKR,-15.57803,130.47599,0,0
ZBAL,38.74832,105.58416,0,0
AYBA,-7.49695,144.82176,0,0
AYBK,-5.42230,154.67270,0,0
AYBM,-8.05000,142.93300,0,0
AYCH,-6.02429,144.97099,0,0
AYDU,-9.08676,143.20799,0,0
AYGA,-6.08169,145.39200,0,0
AYGN,-10.31150,150.33400,0,0
AYGR,-8.80454,148.30901,0,0
AYHK,-5.46385,150.40733,0,0
AYKM,-7.96361,145.77100,0,0
AYKV,-2.57940,150.80800,0,0
AYMD,-5.20708,145.78900,0,0
AYMH,-5.82821,144.29941,0,0
AYMN,-6.14774,143.65700,0,0
AYMO,-2.06189,147.42400,0,0
AYNZ,-6.56799,146.72654,0,0
AYPY,-9.44338,147.22000,0,0
AYTK,-4.34046,152.38001,0,0
AYVN,-2.69260,141.30280,0,0
AYWD,-5.63529,143.89223,0,0
AYWK,-3.58383,143.66901,0,0
UBTT,40.49488,49.97707,0,0
UBLL,40.34711,49.67132,0,1
BCW,-21.85330,35.43830,0,0
EBLB,50.48482,6.18301,0,1
LBIA,42.45490,26.35220,0,1
BGAA,68.72180,-52.78470,0,0
BGCO,70.74310,-22.65050,0,0
BGGH,64.19107,-51.67914,0,0
BGJN,69.24320,-51.05710,0,0
BGKK,65.57360,-37.12360,0,0
BGQQ,77.48860,-69.38870,0,0
BGSF,67.01045,-50.71529,0,0
BGSS,66.95130,-53.72930,0,0
BGTL,76.53063,-68.70054,0,0
BIAR,65.65657,-18.07202,0,0
BIBD,65.64130,-23.54620,0,0
BIEG,65.28330,-14.40140,0,0
BIGR,66.54580,-18.01730,0,0
BIHN,64.29560,-15.22720,0,0
BIHU,65.95230,-17.42600,0,0
BIIS,66.05810,-23.13530,0,0
BIKF,63.98500,-22.60560,0,0
BIRK,64.12873,-21.93759,0,0
BIRL,65.65580,-16.91810,0,0
BISI,66.13785,-18.90816,0,0
BIVM,63.42430,-20.27890,0,0
BIVO,65.72060,-14.85060,0,0
BKPR,42.57280,21.03580,0,0
SBVC,-14.90789,-40.91480,0,0
VTSY,5.79000,101.15000,0,0
UMIO,54.44000,30.29670,0,1
MZCK,17.73502,-88.03286,0,0
MZCP,17.68379,-88.04498,0,0
MZCZ,18.38220,-88.41190,0,0
MZPB,16.98251,-88.23099,0,0
MZSJ,18.35610,-88.13080,0,0
MZSP,17.91390,-87.97110,0,0
MZBE,17.51724,-88.19577,0,0
BZB,-21.54110,35.47290,0,0
YAA,52.45150,-125.30378,0,0
XQU,49.33746,-124.39309,0,0
YZA,50.77526,-121.32131,0,0
CBBC,52.18500,-128.15699,0,0
ZUBZ,31.73842,106.64487,0,0
ZGSG,24.97860,113.42100,0,0
ZSGS,26.85690,114.73700,0,0
ZLHN,36.33670,100.48000,0,0
ZSJX,30.69806,120.66306,0,0
WHN,30.25521,114.06280,0,0
ZBNJ,39.48284,116.37229,0,0
ZUDR,28.60457,86.79800,0,0
ZWTK,37.66133,75.28888,0,0
LSG,29.43863,103.74922,0,0
JDE,29.36090,119.18083,0,0
ZUPL,30.39790,81.13317,0,0
ZPZT,27.20584,103.69151,0,0
ZSBA,33.16629,117.05834,0,0
ZBXJ,39.95859,116.25677,0,0
CNC3,43.76030,-79.87500,0,0
LCRE,35.01427,33.71585,0,1
CYAG,48.65575,-93.44349,0,0
CYAH,53.75470,-73.67530,0,0
CYAM,46.48322,-84.50847,0,0
CYAQ,53.52470,-88.64280,0,0
CYAV,50.05640,-97.03250,0,0
CYAX,50.29440,-96.01000,0,0
CYAY,51.39191,-56.08321,0,0
CYAZ,49.07983,-125.77558,0,0
CYBC,49.13250,-68.20440,0,0
CYBD,52.38750,-126.59600,0,0
CYBF,54.30420,-110.74400,0,0
CYBG,48.33012,-70.99201,0,0
CYBK,64.29890,-96.07780,0,0
CYBL,49.95080,-125.27100,0,0
CYBR,49.91000,-99.95190,0,0
CYBU,53.33250,-104.00800,0,0
CYBW,51.10398,-114.36938,0,0
CYBX,51.44360,-57.18530,0,0
CYCB,69.10810,-105.13800,0,0
CYCC,45.09264,-74.56772,0,0
CYCD,49.05497,-123.86986,0,0
CYCE,43.28560,-81.50830,0,0
CYCG,49.29640,-117.63200,0,0
CYCH,47.00780,-65.44920,0,0
CYCL,47.99080,-66.33030,0,0
CYCN,49.10560,-81.01360,0,0
CYCP,52.11670,-119.28300,0,0
CYCQ,55.68720,-121.62700,0,0
CYDA,64.04310,-139.12801,0,0
CYDB,61.37110,-139.04100,0,0
CYDF,49.20816,-57.39615,0,0
CYDM,61.97060,-132.42300,0,0
CYDN,51.10080,-100.05200,0,0
CYDO,48.77850,-72.37500,0,0
CYDQ,55.74124,-120.18326,0,0
CYEE,44.68330,-79.92830,0,0
CYEG,53.30970,-113.58000,0,0
CYEL,46.35140,-82.56140,0,0
CYEM,45.84244,-81.85760,0,0
CYEN,49.21030,-102.96600,0,0
CYET,53.57890,-116.46500,0,0
CYEV,68.30420,-133.48300,0,0
CYEY,48.56390,-78.24970,0,0
CYFB,63.75640,-68.55580,0,0
CYFC,45.86870,-66.52989,0,0
CYFD,43.13140,-80.34250,0,0
CYFE,48.74610,-69.09720,0,0
CYFJ,46.40940,-74.78000,0,0
CYFR,61.18080,-113.69000,0,0
CYFS,61.76020,-121.23700,0,0
CYGD,43.76690,-81.71060,0,0
CYGE,51.29920,-116.98200,0,0
CYGK,44.22530,-76.59690,0,0
CYGL,53.62530,-77.70420,0,0
CYGM,50.62810,-97.04330,0,0
CYGP,48.77492,-64.48189,0,0
CYGQ,49.77830,-86.93940,0,0
CYGR,47.42524,-61.77861,0,0
CYGV,50.28190,-63.61140,0,0
CYGW,55.28190,-77.76530,0,0
CYHD,49.83170,-92.74420,0,0
CYHF,49.71420,-83.68610,0,0
CYHM,43.17348,-79.93118,0,0
CYHN,49.19310,-84.75890,0,0
CYHT,60.78920,-137.54601,0,0
CYHU,45.51750,-73.41690,0,0
CYHY,60.83970,-115.78300,0,0
CYHZ,44.88080,-63.50860,0,0
CYIB,48.77390,-91.63860,0,0
CYID,44.54585,-65.78542,0,0
CYIF,51.21170,-58.65830,0,0
CYIV,53.85720,-94.65360,0,0
CYJF,60.23580,-123.46900,0,0
CYJN,45.29440,-73.28110,0,0
CYJT,48.54339,-58.55289,0,0
CYKA,50.70304,-120.44864,0,0
CYKF,43.46080,-80.37860,0,0
CYKJ,57.25610,-105.61800,0,0
CYKL,54.80530,-66.80530,0,0
CYKM,44.20140,-81.60670,0,0
CYKX,48.21030,-79.98140,0,0
CYKY,51.51750,-109.18100,0,0
CYLD,47.82000,-83.34670,0,0
CYLJ,54.12530,-108.52300,0,0
CYLL,53.30920,-110.07300,0,0
CYLR,56.51330,-99.98530,0,0
CYLS,44.48506,-79.55466,0,0
CYLT,82.51726,-62.28304,0,0
CYLW,49.95610,-119.37800,0,0
CYMA,63.61640,-135.86800,0,0
CYME,48.85690,-67.45330,0,0
CYMG,49.08390,-85.86060,0,0
CYMJ,50.33030,-105.55900,0,0
CYML,47.59750,-70.22390,0,0
CYMM,56.65330,-111.22200,0,0
CYMO,51.29110,-80.60780,0,0
CYMT,49.77190,-74.52810,0,0
CYMX,45.67950,-74.03870,0,0
CYNA,50.19011,-61.78898,0,0
CYND,45.52170,-75.56360,0,0
CYNJ,49.10080,-122.63100,0,0
CYNL,58.27670,-104.08200,0,0
CYNM,49.76170,-77.80280,0,0
CYNN,59.48750,-97.78030,0,0
CYOA,64.69890,-110.61500,0,0
CYOD,54.40500,-110.27900,0,0
CYOJ,58.62140,-117.16500,0,0
CYOO,43.92280,-78.89500,0,0
CYOP,58.49140,-119.40800,0,0
CYOS,44.59030,-80.83750,0,0
CYOW,45.32250,-75.66920,0,0
CYPA,53.21420,-105.67300,0,0
CYPD,45.65670,-61.36810,0,0
CYPE,56.22690,-117.44700,0,0
CYPG,49.90310,-98.27382,0,0
CYPK,49.21488,-122.70929,0,0
CYPL,51.44640,-90.21420,0,0
CYPN,49.83640,-64.28860,0,0
CYPQ,44.23225,-78.36205,0,0
CYPR,54.28610,-130.44501,0,0
CYPW,49.83420,-124.50000,0,0
CYPX,60.05060,-77.28690,0,0
CYPY,58.76720,-111.11700,0,0
CYPZ,54.37640,-125.95100,0,0
CYQA,44.97538,-79.30655,0,0
CYQB,46.79110,-71.39330,0,0
CYQD,53.97140,-101.09100,0,0
CYQF,52.18220,-113.89400,0,0
CYQG,42.27560,-82.95560,0,0
CYQH,60.11684,-128.82199,0,0
CYQI,43.82690,-66.08810,0,0
CYQK,49.78830,-94.36310,0,0
CYQL,49.63030,-112.80000,0,0
CYQM,46.11319,-64.67719,0,0
CYQN,50.18280,-86.69640,0,0
CYQQ,49.71080,-124.88700,0,0
CYQR,50.43194,-104.66091,0,0
CYQS,42.77000,-81.11080,0,0
CYQT,48.37190,-89.32390,0,0
CYQU,55.17970,-118.88500,0,0
CYQV,51.26470,-102.46200,0,0
CYQW,52.76941,-108.24374,0,0
CYQX,48.93626,-54.56772,0,0
CYQY,46.16107,-60.04976,0,0
CYQZ,53.02610,-122.51000,0,0
CYRB,74.71690,-94.96940,0,0
CYRI,47.76440,-69.58470,0,0
CYRJ,48.51967,-72.26574,0,0
CYRL,51.06690,-93.79310,0,0
CYRO,45.46050,-75.64400,0,0
CYRP,45.31920,-76.02220,0,0
CYRQ,46.35280,-72.67940,0,0
CYRT,62.81140,-92.11580,0,0
CYRV,50.96225,-118.18426,0,0
CYSB,46.62500,-80.79890,0,0
CYSC,45.43860,-71.69140,0,0
CYSF,59.25030,-105.84100,0,0
CYSG,46.09640,-70.71470,0,0
CYSH,44.94580,-75.94060,0,0
CYSJ,45.31610,-65.89030,0,0
CYSL,47.15710,-67.83624,0,0
CYSM,60.02030,-111.96200,0,0
CYSN,43.19160,-79.17169,0,0
CYSP,48.75530,-86.34440,0,0
CYSU,46.44060,-63.83360,0,0
CYTA,45.86440,-77.25170,0,0
CYTF,48.50890,-71.64190,0,0
CYTH,55.80110,-97.86420,0,0
CYTR,44.11890,-77.52810,0,0
CYTS,48.56970,-81.37670,0,0
CYTZ,43.62785,-79.39553,0,0
CYUL,45.46784,-73.74229,0,0
CYUX,68.77610,-81.24250,0,0
CYUY,48.20610,-78.83560,0,0
CYVB,48.07110,-65.46030,0,0
CYVC,55.15140,-105.26200,0,0
CYVD,49.87830,-100.91800,0,0
CYVK,50.24616,-119.33096,0,0
CYVO,48.05330,-77.78280,0,0
CYVP,58.09610,-68.42690,0,0
CYVQ,65.28160,-126.79800,0,0
CYVR,49.19390,-123.18400,0,0
CYVV,44.74580,-81.10720,0,0
CYWG,49.91000,-97.23990,0,0
CYWK,52.92190,-66.86440,0,0
CYWL,52.18310,-122.05400,0,0
CYWY,63.20940,-123.43700,0,0
CYXC,49.61080,-115.78200,0,0
CYXE,52.17072,-106.70079,0,0
CYXH,50.01890,-110.72100,0,0
CYXJ,56.23810,-120.74000,0,0
CYXK,48.47764,-68.49632,0,0
CYXL,50.11390,-91.90530,0,0
CYXQ,62.41030,-140.86700,0,0
CYXR,47.69740,-79.84735,0,0
CYXS,53.88431,-122.66655,0,0
CYXT,54.46850,-128.57601,0,0
CYXU,43.03285,-81.14900,0,0
CYXX,49.02530,-122.36100,0,0
CYXY,60.70853,-135.06571,0,0
CYXZ,47.96670,-84.78670,0,0
CYYB,46.36360,-79.42280,0,0
CYYC,51.11882,-114.00993,0,0
CYYD,54.82470,-127.18300,0,0
CYYE,58.83640,-122.59700,0,0
CYYF,49.46310,-119.60200,0,0
CYYG,46.28891,-63.12517,0,0
CYYJ,48.64720,-123.42779,0,0
CYYL,56.86390,-101.07600,0,0
CYYN,50.29190,-107.69100,0,0
CYYQ,58.73920,-94.06500,0,0
CYYR,53.31920,-60.42580,0,0
CYYT,47.61860,-52.75190,0,0
CYYU,49.41159,-82.46964,0,0
CYYW,50.29030,-88.90970,0,0
CYYY,48.60860,-68.20810,0,0
CYYZ,43.67594,-79.62942,0,0
CYZE,45.88530,-82.56780,0,0
CYZF,62.46280,-114.44000,0,0
CYZH,55.29295,-114.77728,0,0
CYZP,53.25430,-131.81400,0,0
CYZR,42.99940,-82.30890,0,0
CYZS,64.19330,-83.35940,0,0
CYZT,50.68060,-127.36700,0,0
CYZU,54.14390,-115.78700,0,0
CYZV,50.22330,-66.26560,0,0
CYZW,60.17280,-132.74300,0,0
CYZX,44.98440,-64.91690,0,0
CYZY,55.29779,-123.13391,0,0
CZAM,50.68280,-119.22900,0,0
CZBB,49.07434,-123.00688,0,0
CZBF,47.62970,-65.73890,0,0
CZBM,45.29080,-72.74140,0,0
CZEE,56.03750,-96.50970,0,0
CZFA,62.20750,-133.37601,0,0
CZGF,49.01560,-118.43100,0,0
CZJG,54.51890,-98.04610,0,0
CZJN,52.12060,-101.23600,0,0
CZLQ,55.31890,-97.70780,0,0
CZMN,55.58890,-97.16420,0,0
CZMT,54.02750,-132.12500,0,0
CZPC,49.52043,-113.99700,0,0
CZSJ,53.06420,-93.34440,0,0
CZST,55.93541,-129.98243,0,0
CZUC,49.42820,-91.72042,0,0
DAAB,36.50360,2.81417,0,0
DAAD,35.33250,4.20639,0,0
DAAE,36.71255,5.06991,0,0
DAAG,36.69389,3.21453,0,0
DAAJ,24.28545,9.46365,0,0
DAAK,36.54580,2.87611,0,1
DAAN,26.71242,0.28822,0,1
DAAP,26.72350,8.62265,0,0
DAAS,36.17849,5.32991,0,0
DAAT,22.81099,5.45083,0,0
DAAV,36.79413,5.87365,0,0
DAAY,33.53590,-0.24235,0,0
DAAZ,35.75296,0.62588,0,0
DABB,36.82678,7.81334,0,0
DABC,36.27600,6.62039,0,0
DAEO,35.87436,7.26774,0,1
DABS,35.43160,8.12072,0,0
DABT,35.75210,6.30859,0,0
DAFH,32.93040,3.31154,0,0
DAOB,35.34110,1.46315,0,0
DAOE,35.73540,-0.80539,0,1
DAOF,27.70040,-8.16710,0,0
DAOI,36.21661,1.34111,0,0
DAOL,35.54240,-0.53228,0,0
DAON,35.01273,-1.45712,0,0
DAOO,35.62065,-0.62249,0,0
DAOR,31.64570,-2.26986,0,0
DAOV,35.20770,0.14714,0,0
DATM,21.37780,0.92698,0,0
DAUA,27.83760,-0.18641,0,0
DAUB,34.79318,5.73890,0,0
DAUE,30.58073,2.86159,0,0
DAUG,32.38410,3.79411,0,0
DAUH,31.67300,6.14044,0,0
DAUI,27.25100,2.51202,0,0
DAUK,33.06780,6.08867,0,0
DAUL,33.76440,2.92834,0,0
DAUO,33.51140,6.77679,0,0
DAUT,29.23710,0.27603,0,0
DAUU,31.91720,5.41278,0,0
DAUZ,28.05150,9.64291,0,0
DBBB,6.35723,2.38435,0,0
DFFD,12.35320,-1.51242,0,0
DFOO,11.16010,-4.33097,0,0
DGAA,5.60519,-0.16679,0,0
DGAH,6.57969,0.53255,0,0
DGLE,9.55391,-0.86606,0,0
DGSI,6.71456,-1.59082,0,0
DGSN,7.36183,-2.32876,0,0
DGTK,4.89606,-1.77476,0,0
DIAP,5.26139,-3.92629,0,0
DIBK,7.73880,-5.07367,0,0
DIDL,6.79281,-6.47319,0,0
DIKO,9.38718,-5.55666,0,0
DIMN,7.27207,-7.58736,0,0
DISP,4.74672,-6.66082,0,0
DIYO,6.90317,-5.36558,0,0
DNKT,13.00780,7.66045,0,0
DNAA,9.00679,7.26317,0,0
DNAI,4.87250,8.09300,0,0
DNAK,7.24674,5.30101,0,0
DNAS,6.20417,6.66528,0,0
DNBC,10.48283,9.74400,0,0
DNBE,6.31698,5.59950,0,0
DNBY,4.95759,6.20333,0,0
DNCA,4.97602,8.34720,0,0
DNEN,6.47372,7.56046,0,0
DNGO,10.29889,10.90000,0,0
DNGU,12.17286,6.69614,0,0
DNIB,7.36246,3.97833,0,0
DNIL,8.44021,4.49392,0,0
DNIM,5.42706,7.20603,0,0
DNJO,9.63983,8.86905,0,0
DNKA,10.69600,7.32011,0,0
DNKN,12.04561,8.52357,0,0
DNMA,11.85416,13.08070,0,0
DNMK,7.70388,8.61394,0,0
DNMM,6.57737,3.32116,0,0
DNMN,9.65217,6.46226,0,0
DNPO,5.01549,6.94959,0,0
DNSO,12.91573,5.20755,0,0
DNSU,5.59821,5.81870,0,0
DNYO,9.25755,12.43040,0,0
DNZA,11.13020,7.68581,0,0
DRRM,13.50250,7.12675,0,0
DRRN,13.48150,2.18361,0,0
DRRT,14.87570,5.26536,0,0
DRZA,16.96600,8.00011,0,0
DRZR,13.77900,8.98376,0,0
DTKA,36.98000,8.87694,0,0
DTMB,35.75810,10.75470,0,0
DTNH,36.07583,10.43861,0,0
DTTA,36.85100,10.22720,0,0
DTTB,37.24236,9.78702,0,1
DTTD,32.30620,10.38210,0,1
DTTF,34.42200,8.82250,0,0
DTTG,33.73369,9.91941,0,0
DTTJ,33.87372,10.77730,0,0
DTTR,31.70430,9.25462,0,0
DTTX,34.71800,10.69100,0,0
DTTZ,33.93970,8.11056,0,0
DXNG,9.76667,1.09094,0,0
DXXX,6.16561,1.25451,0,0
EBAW,51.19067,4.46315,0,0
EBBE,50.75860,4.76833,0,1
EBBL,51.16830,5.47000,0,1
EBBR,50.90140,4.48444,0,0
EBBX,49.89148,5.22741,0,1
EBCI,50.46196,4.45956,0,0
EBCV,50.57580,3.83100,0,1
EBFN,51.09030,2.65278,0,1
EBFS,50.24330,4.64583,0,1
EBKT,50.81888,3.20955,0,0
EBLG,50.63857,5.44390,0,0
EBMB,50.91342,4.49101,0,1
EBOS,51.19980,2.87467,0,0
EBSL,50.94935,5.59355,0,1
EBSU,50.03440,5.44081,0,1
EBUL,51.14420,3.47556,0,1
EBWE,51.39480,4.96019,0,1
EDAC,50.98195,12.50639,0,0
EDAH,53.87870,14.15230,0,0
EDBN,53.60220,13.30600,0,0
EDBR,51.36333,14.95000,0,0
EDDB,52.36174,13.50234,0,0
EDDC,51.13412,13.76783,0,0
EDDE,50.97828,10.96071,0,0
EDDF,50.02671,8.55835,0,0
EDDG,52.13382,7.68848,0,0
EDDH,53.63040,9.98823,0,0
EDDK,50.86590,7.14274,0,0
EDDL,51.28950,6.76678,0,0
EDDM,48.35380,11.78610,0,0
EDDN,49.49870,11.07806,0,0
EDDP,51.42066,12.23270,0,0
EDDR,49.21455,7.10973,0,0
EDDS,48.68990,9.22196,0,0
EDDV,52.46110,9.68508,0,0
EDDW,53.04679,8.78932,0,0
EDFE,49.96000,8.64304,0,0
EDFH,49.94635,7.26173,0,0
EDFM,49.47306,8.51417,0,0
EDFZ,49.96750,8.14722,0,0
EDGE,50.99160,10.47973,0,0
EDGS,50.70770,8.08297,0,0
EDHI,53.53528,9.83556,0,0
EDHK,54.37957,10.14527,0,0
EDHL,53.80540,10.71920,0,0
EDJA,47.98809,10.23825,0,0
EDLI,51.96472,8.54444,0,0
EDLN,51.23028,6.50444,0,0
EDLP,51.61253,8.61746,0,0
EDLV,51.60136,6.14123,0,0
EDLW,51.51830,7.61224,0,0
EDMA,48.42528,10.93167,0,0
EDML,48.51202,12.03486,0,0
EDMO,48.08140,11.28310,0,0
EDNY,47.67130,9.51149,0,0
EDQA,49.92040,10.91423,0,0
EDQD,49.98500,11.64000,0,0
EDQM,50.28854,11.85288,0,0
EDSB,48.77940,8.08050,0,0
EDTD,47.97333,8.52222,0,0
EDTL,48.36930,7.82772,0,0
EDTM,48.05389,9.37278,0,0
EDTY,49.11833,9.78389,0,0
EDUZ,52.00083,12.14861,0,0
EDVE,52.31920,10.55610,0,0
EDVK,51.41839,9.39164,0,0
EDXW,54.91320,8.34047,0,0
EEEI,59.25960,24.20480,0,1
EEKA,58.99080,22.83070,0,0
EEKE,58.22990,22.50950,0,0
EEPU,58.41900,24.47280,0,0
HEBR,23.98044,35.46028,0,1
EETN,59.41325,24.83264,0,0
EETU,58.30744,26.68647,0,0
EFET,68.36260,23.42430,0,0
EFHA,61.85604,24.78669,0,0
EFHK,60.31836,24.96334,0,0
EFIT,62.16610,30.07360,0,0
EFIV,68.60730,27.40530,0,0
EFJO,62.65881,29.61940,0,0
EFJY,62.39950,25.67830,0,0
EFKA,63.12710,23.05140,0,0
EFKE,65.77870,24.58210,0,0
EFKI,64.28550,27.69240,0,0
EFKJ,62.46321,22.39082,0,0
EFKK,63.72120,23.14310,0,0
EFKS,65.98760,29.23940,0,0
EFKT,67.70100,24.84680,0,0
EFKU,63.00710,27.79780,0,0
EFLP,61.04460,28.14474,0,0
EFMA,60.12220,19.89820,0,0
EFMI,61.68660,27.20180,0,0
EFOU,64.93010,25.35460,0,0
EFPO,61.46170,21.80000,0,0
EFPR,60.47917,26.59389,0,0
EFRO,66.56333,25.82975,0,0
EFSA,61.94310,28.94510,0,0
EFSI,62.69210,22.83230,0,0
EFSO,67.39500,26.61910,0,0
EFTP,61.41410,23.60440,0,0
EFTU,60.51410,22.26280,0,0
EFUT,60.89640,26.93840,0,1
EFVA,63.05023,21.76254,0,0
EFVR,62.17110,27.86860,0,0
EFYL,64.05472,24.72528,0,0
EGAA,54.65750,-6.21583,0,0
EGAB,54.39827,-7.65118,0,0
EGAC,54.61810,-5.87250,0,0
EGAE,55.04280,-7.16111,0,0
EGBB,52.45390,-1.74803,0,0
EGBJ,51.89420,-2.16722,0,0
EGBN,52.92000,-1.07917,0,0
EGCC,53.34938,-2.27952,0,0
EGDC,51.08720,-4.15034,0,0
EGDM,51.15220,-1.74741,0,0
EGDR,50.08610,-5.25571,0,0
EGSY,51.40523,-3.43325,0,0
EGDY,51.00940,-2.63882,0,0
EGEC,55.43720,-5.68639,0,0
EGED,59.19060,-2.77222,0,0
EGFE,51.83310,-4.96111,0,0
EGFF,51.39670,-3.34333,0,0
EGFH,51.60137,-4.07101,0,0
EGGD,51.38233,-2.71645,0,0
EGGP,53.33486,-2.84964,0,0
EGGW,51.87470,-0.36833,0,0
EGHH,50.78048,-1.83958,0,0
EGHI,50.95030,-1.35680,0,0
EGHL,51.18744,-1.03166,0,0
EGHQ,50.44060,-4.99541,0,0
EGJA,49.70610,-2.21472,0,0
EGJB,49.43500,-2.60197,0,0
EGJJ,49.20790,-2.19551,0,0
EGKA,50.83560,-0.29722,0,0
EGKB,51.33080,0.03250,0,0
EGKK,51.14874,-0.18574,0,0
EGLC,51.50530,0.05528,0,0
EGLF,51.27580,-0.77633,0,0
EGLK,51.32390,-0.84750,0,0
EGLL,51.47075,-0.45991,0,0
EGMC,51.57056,0.69363,0,0
EGMD,50.95625,0.93907,0,0
EGNC,54.93750,-2.80917,0,0
EGNH,53.77170,-3.02861,0,0
EGNJ,53.57615,-0.34954,0,0
EGNL,54.12861,-3.26750,0,0
EGNM,53.86590,-1.66057,0,0
EGNO,53.74510,-2.88306,0,0
EGNR,53.17810,-2.97778,0,0
EGNS,54.08308,-4.62387,0,0
EGNT,55.03796,-1.68958,0,0
EGNV,54.50920,-1.42941,0,0
EGNX,52.83110,-1.32806,0,0
EGOM,55.05000,-2.55000,0,1
EGOQ,53.25860,-4.37355,0,1
EGOS,52.79820,-2.66804,0,1
EGOV,53.24810,-4.53534,0,0
EGOW,53.58160,-3.05552,0,1
EGPA,58.95790,-2.90508,0,0
EGPB,59.87890,-1.29556,0,0
EGPC,58.45890,-3.09306,0,0
EGPD,57.20190,-2.19778,0,0
EGPE,57.54250,-4.04750,0,0
EGPF,55.87190,-4.43306,0,0
EGPH,55.95014,-3.37229,0,0
EGPI,55.68271,-6.25753,0,0
EGPK,55.50150,-4.57718,0,0
EGPL,57.48110,-7.36278,0,0
EGPN,56.45250,-3.02583,0,0
EGPO,58.21560,-6.33111,0,0
EGPR,57.02280,-7.44306,0,0
EGPU,56.49920,-6.86917,0,0
EGQL,56.37398,-2.86886,0,0
EGQS,57.70520,-3.33917,0,1
EGSC,52.20500,0.17500,0,0
EGSH,52.67580,1.28278,0,0
EGSS,51.88500,0.23500,0,0
EGTC,52.07220,-0.61667,0,0
EGTE,50.73426,-3.41398,0,0
EGTK,51.83690,-1.32000,0,0
EGUB,51.61437,-1.09599,0,1
EGUD,51.69061,-1.31657,0,1
EGUL,52.40954,0.56116,0,1
EGUN,52.36190,0.48641,0,1
EGUW,52.12745,0.95619,0,0
EGVA,51.68357,-1.78917,0,1
EGVL,51.86648,-1.69498,0,1
EGVN,51.75000,-1.58362,0,1
EGVO,51.23410,-0.94283,0,1
EGWC,52.64052,-2.30533,0,1
EGWE,52.01820,-0.30385,0,1
EGWN,51.79070,-0.73797,0,1
EGWU,51.55300,-0.41817,0,1
EGXC,53.09300,-0.16601,0,1
EGXE,54.29719,-1.53894,0,1
EGCM,53.83475,-1.19468,0,0
EGXH,52.34260,0.77294,0,1
EGXT,52.61260,-0.47645,0,1
EGXW,53.16620,-0.52381,0,1
EGXY,53.02280,-0.91111,0,1
EGXZ,54.20412,-1.38027,0,1
EGYD,53.02731,-0.49310,0,1
EGYE,52.96062,-0.55943,0,1
EGYM,52.64840,0.55069,0,1
EGYP,-51.82264,-58.44578,0,1
EHAM,52.30860,4.76389,0,0
EHBD,51.25530,5.60139,0,0
EHBK,50.91109,5.76940,0,0
EHDL,52.06060,5.87306,0,1
EHEH,51.45010,5.37453,0,0
EHGG,53.11911,6.57765,0,0
EHGR,51.56740,4.93183,0,1
EHKD,52.92340,4.78062,0,1
EHLE,52.45319,5.51462,0,0
EHLW,53.22860,5.76056,0,1
EHRD,51.95690,4.43722,0,0
EHTW,52.27583,6.88917,0,0
EHVK,51.65722,5.70778,0,1
EHWO,51.44910,4.34203,0,1
EICK,51.84130,-8.49111,0,0
EIDL,55.04420,-8.34100,0,0
EIDW,53.42871,-6.26212,0,0
EIKN,53.91044,-8.81700,0,0
EIKY,52.18090,-9.52378,0,0
EIME,53.30170,-6.45133,0,1
EINN,52.70200,-8.92482,0,0
EISG,54.28020,-8.59921,0,0
EIWF,52.18720,-7.08696,0,0
EIWT,53.35162,-6.49036,0,0
EKAH,56.30333,10.61829,0,0
EKBI,55.74034,9.15702,0,0
EKCH,55.61790,12.65600,0,0
EKEB,55.52590,8.55340,0,0
EKKA,56.29714,9.10431,0,1
EKMB,54.69945,11.43816,0,0
EKOD,55.47531,10.32721,0,0
EKRK,55.58560,12.13140,0,0
EKRN,55.06330,14.75960,0,0
EKSB,54.96440,9.79173,0,0
EKSN,57.50350,10.22940,0,0
EKSP,55.22105,9.26702,0,1
EKSV,56.55020,9.17298,0,0
EKTS,57.06880,8.70522,0,0
EKVD,55.43630,9.33092,0,0
EKVG,62.06326,-7.27578,0,0
EKVJ,55.99010,8.35391,0,0
EKYT,57.09476,9.84993,0,0
ELLX,49.62685,6.21213,0,0
ENAL,62.56044,6.11085,0,0
ENAN,69.29519,16.13938,0,0
ENAT,69.97610,23.37170,0,0
ENBN,65.46110,12.21750,0,0
ENBO,67.26920,14.36530,0,0
ENBR,60.29340,5.21814,0,0
ENBS,70.60025,29.69261,0,0
ENBV,70.87152,29.03410,0,0
ENCN,58.20420,8.08537,0,0
ENDU,69.05580,18.54040,0,0
ENEV,68.49130,16.67810,0,0
ENFL,61.58360,5.02472,0,0
ENGM,60.19390,11.10040,0,0
ENHD,59.34530,5.20836,0,0
ENHF,70.67970,23.66860,0,0
ENHV,71.00970,25.98360,0,0
ENKB,63.11180,7.82452,0,0
ENKR,69.72580,29.89130,0,0
ENLK,68.15250,13.60940,0,0
ENMH,71.02970,27.82670,0,0
ENML,62.74470,7.26250,0,0
ENMS,65.78400,13.21490,0,0
ENNA,70.06880,24.97350,0,0
ENNO,59.56507,9.21315,0,0
ENOL,63.69890,9.60400,0,0
ENOV,62.18000,6.07410,0,0
ENRA,66.36390,14.30140,0,0
ENRM,64.83830,11.14610,0,0
ENRO,62.57840,11.34230,0,0
ENRY,59.37882,10.78544,0,0
ENSB,78.24610,15.46560,0,0
ENSH,68.24330,14.66920,0,0
ENSK,68.57883,15.03342,0,0
ENSN,59.18500,9.56694,0,0
ENSO,59.79190,5.34085,0,0
ENSR,69.78680,20.95940,0,0
ENSS,70.35540,31.04490,0,0
ENST,65.95680,12.46890,0,0
ENTC,69.68330,18.91890,0,0
ENTO,59.18670,10.25860,0,0
ENVA,63.45780,10.92400,0,0
ENVD,70.06530,29.84470,0,0
ENZV,58.87670,5.63778,0,0
EPBY,53.09680,17.97770,0,0
EPCE,54.41653,17.76573,0,1
EPDA,54.40470,16.35310,0,1
EPDE,51.55102,21.89232,0,1
EPGD,54.37760,18.46620,0,0
EPIR,52.82940,18.33060,0,1
EPKK,50.07770,19.78480,0,0
EPKS,52.33170,16.96640,0,1
EPKT,50.47601,19.08070,0,0
EPLB,51.24016,22.71346,0,0
EPLK,51.55170,19.17910,0,1
EPLL,51.72190,19.39810,0,0
EPLY,52.00494,19.14379,0,1
EPMB,54.02660,19.13572,0,1
EPMI,53.39510,16.08280,0,1
EPMM,52.19550,21.65590,0,1
EPMO,52.45110,20.65180,0,0
EPNA,53.45488,16.48946,0,1
EPOK,54.57970,18.51720,0,1
EPPO,52.42160,16.82336,0,0
EPPR,54.24800,18.67160,0,1
EPPW,52.38009,17.85316,0,1
EPRA,51.38937,21.21474,0,0
EPRZ,50.10979,22.02416,0,0
EPSC,53.58470,14.90220,0,0
EPSN,53.79060,15.82630,0,1
EPSY,53.48190,20.93770,0,0
EPTM,51.58440,20.09780,0,1
EPWA,52.16570,20.96710,0,0
EPWR,51.10372,16.88210,0,0
EPZG,52.13850,15.79860,0,0
ESCF,58.39767,15.52242,0,1
ESCM,59.89730,17.58860,0,1
ESDF,56.26670,15.26500,0,0
ESFR,58.49810,13.05320,0,1
ESGG,57.66280,12.27980,0,0
ESGJ,57.75760,14.06870,0,0
ESGP,57.77470,11.87040,0,0
ESGR,58.45640,13.97270,0,0
ESGT,58.31810,12.34500,0,0
ESIA,58.51380,14.50710,0,1
ESIB,58.42640,12.71440,0,1
ESKK,59.34590,14.49590,0,0
ESKM,60.95790,14.51140,0,0
ESKN,58.78966,16.91148,0,0
ESKS,61.16508,12.83352,0,0
ESMK,55.92170,14.08550,0,0
ESMQ,56.68550,16.28760,0,0
ESMS,55.53556,13.37633,0,0
ESMT,56.69110,12.82020,0,0
ESMV,57.29219,14.13679,0,1
ESMX,56.92910,14.72800,0,0
ESNG,67.13240,20.81460,0,0
ESNK,63.04860,17.76890,0,0
ESNL,64.54830,18.71620,0,0
ESNN,62.52810,17.44390,0,0
ESNO,63.40830,18.99000,0,0
ESNQ,67.82200,20.33680,0,0
ESNS,64.62480,21.07690,0,0
ESNU,63.79180,20.28280,0,0
ESNV,64.57910,16.83360,0,0
ESNX,65.59030,19.28190,0,0
ESNY,61.26150,17.09910,0,0
ESNZ,63.19355,14.50417,0,0
ESOE,59.22370,15.03800,0,0
ESOK,59.44470,13.33740,0,0
ESOW,59.58940,16.63360,0,0
ESPA,65.54380,22.12200,0,0
ESPE,65.87530,20.14990,0,1
ESSA,59.64849,17.92883,0,0
ESSB,59.35440,17.94170,0,0
ESSD,60.42200,15.51520,0,0
ESSL,58.40491,15.68450,0,0
ESSP,58.58630,16.25060,0,0
ESST,60.15760,12.99130,0,0
ESSU,59.35110,16.70840,0,0
ESSV,57.66280,18.34620,0,0
ESTA,56.29610,12.84710,0,0
ESTL,56.08280,13.21250,0,0
ESUD,64.96090,17.69660,0,0
ETAD,49.97651,6.69841,0,1
ETAR,49.43690,7.60028,0,1
ETHB,52.27850,9.08217,0,1
ETHC,52.59120,10.02210,0,0
ETHF,51.11460,9.28600,0,0
ETHL,48.22030,9.91002,0,1
ETHN,49.39162,9.95675,0,1
ETHS,52.91940,10.18583,0,1
ETIC,49.69870,11.94020,0,0
ETIH,49.21654,11.83606,0,0
ETMN,53.76769,8.65920,0,1
ETND,52.58556,8.34222,0,1
ETNG,50.96080,6.04242,0,1
ETNH,54.31220,9.53817,0,1
ETNL,53.91820,12.27830,0,0
ETNN,50.83120,6.65817,0,1
ETNS,54.45930,9.51633,0,1
ETNT,53.54780,7.66733,0,1
ETNW,52.45730,9.42717,0,1
ETOU,50.04980,8.32540,0,0
ETSB,50.17380,7.06333,0,1
ETSH,51.76780,13.16770,0,1
ETSI,48.71570,11.53400,0,0
ETSL,48.18550,10.86120,0,1
ETSN,48.71100,11.21150,0,1
ETWM,52.72320,7.32633,0,1
EVGA,56.77830,24.85390,0,1
EVKA,56.53470,25.89250,0,1
EVLA,56.51750,21.09690,0,0
EVRA,56.92075,23.97071,0,0
EVJA,56.94220,23.22390,0,0
EYKA,54.96397,24.08582,0,0
EYKD,55.31170,23.95640,0,1
EYPA,55.97320,21.09390,0,0
EYPP,55.72940,24.46080,0,1
EYSA,55.89390,23.39500,0,0
EYSB,56.07060,23.55810,0,0
EYVI,54.63410,25.28580,0,0
FAAB,-28.57500,16.53330,0,0
FAAG,-29.28180,18.81390,0,0
FABE,-32.89710,27.27910,0,0
FABL,-29.09270,26.30240,0,0
FABR,-25.71715,30.97497,0,0
FACT,-33.97403,18.60433,0,0
FADY,-30.63651,23.91972,0,1
FAEL,-33.03560,27.82590,0,0
FAEO,-26.49560,29.97980,0,0
FAFB,-28.82310,27.90890,0,0
FAGC,-25.98630,28.14010,0,0
FAGG,-34.00560,22.37890,0,0
FAGM,-26.24250,28.15120,0,0
FAHR,-28.23510,29.10620,0,0
FAHS,-24.36186,31.05292,0,1
FAKD,-26.87110,26.71800,0,0
FAKM,-28.80540,24.76487,0,0
FAKN,-25.38333,31.10533,0,0
FAKU,-27.45660,23.41195,0,0
FAKZ,-29.68840,17.09400,0,0
FALA,-25.93896,27.92664,0,0
FALC,-28.36010,23.43910,0,0
FALE,-29.61444,31.11972,0,0
FALH,-28.03680,23.09870,0,1
FALM,-23.15990,29.69650,0,1
FALW,-32.96890,18.16030,0,0
FALY,-28.58170,29.74970,0,0
FAMD,-24.81687,31.54408,0,0
FAMG,-30.85740,30.34300,0,0
FAMM,-25.79840,25.54800,0,0
FAMS,-25.70450,26.90900,0,0
FAMU,-27.62610,32.04430,0,0
FANC,-27.77060,29.97690,0,0
FAOH,-33.60700,22.18900,0,0
FAOR,-26.14008,28.24680,0,0
FAPE,-33.98971,25.61735,0,0
FAPG,-34.08816,23.32872,0,0
FAPH,-23.93720,31.15540,0,0
FAPI,-23.92610,29.48440,0,0
FAPJ,-31.60612,29.52175,0,0
FAPM,-29.64900,30.39870,0,0
FAPN,-25.33380,27.17340,0,0
FAPP,-23.84527,29.45862,0,0
FAPS,-26.67100,27.08190,0,0
FAQT,-31.92020,26.88220,0,0
FARB,-28.74100,32.09210,0,0
FARG,-25.64430,27.27110,0,0
FARS,-33.81220,19.90280,0,0
FASB,-29.68930,17.93960,0,0
FASC,-26.52410,29.17010,0,0
FASD,-32.96410,17.96930,0,0
FASK,-25.80970,28.16460,0,1
FASS,-27.64860,22.99930,0,0
FASZ,-24.96085,31.58859,0,0
FATZ,-23.82440,30.32930,0,0
FAUL,-28.32060,31.41650,0,0
FAUP,-28.40025,21.26359,0,0
FAUT,-31.54636,28.67336,0,0
FAVB,-26.98240,24.72880,0,0
FAVG,-29.77060,31.05840,0,0
FAVR,-31.64100,18.54480,0,0
FAVV,-26.56640,27.96080,0,0
FAWB,-25.65390,28.22420,0,0
FAWK,-25.83000,28.22250,0,1
FAYP,-33.90020,18.49830,0,1
FBPM,-21.15918,27.46883,0,0
FBJW,-24.60230,24.69100,0,0
FBKE,-17.83165,25.16619,0,0
FBMN,-19.97049,23.43141,0,0
FBSK,-24.55520,25.91820,0,0
FBSN,-20.55340,26.11580,0,0
FBSP,-22.05830,27.82880,0,0
FCBB,-4.25170,15.25300,0,0
FCOD,-1.22667,15.91000,0,0
FCOO,-0.52457,15.93782,0,0
FCOU,1.61599,16.03790,0,0
FCPD,-4.20635,12.65990,0,0
FCPP,-4.81603,11.88660,0,0
FDMS,-26.52892,31.30758,0,0
FDSK,-26.35861,31.71694,0,0
FEFF,4.39848,18.51880,0,0
FEFT,4.22158,15.78640,0,0
FGBT,1.90547,9.80568,0,0
FGMY,1.67644,11.02490,0,0
FGSL,3.75527,8.70872,0,0
FHAW,-7.97018,-14.39274,0,1
FHSH,-15.95890,-5.64607,0,0
FIMP,-20.43020,57.68360,0,0
FIMR,-19.75670,63.35933,0,0
FJDG,-7.31327,72.41110,0,0
FKKC,4.08919,9.36053,0,0
FKKD,4.00608,9.71948,0,0
FKKL,10.45140,14.25740,0,0
FKKM,5.63692,10.75080,0,0
FKKN,7.35701,13.55920,0,0
FKKR,9.33479,13.37213,0,0
FKKU,5.53692,10.35460,0,0
FKKV,6.03924,10.12260,0,0
FKKY,3.83604,11.52350,0,0
FKYS,3.72256,11.55330,0,0
FLKE,-12.57280,27.89390,0,0
FLLC,-15.41380,28.33070,0,0
FLHN,-17.82152,25.81964,0,0
FLKK,-15.33083,28.45272,0,0
FLMF,-13.25890,31.93660,0,0
FLMG,-15.25450,23.16230,0,0
FLND,-12.99722,28.66389,0,1
FLSK,-12.96513,28.51562,0,0
FLSO,-12.90050,28.14990,0,0
FMCH,-11.53370,43.27190,0,0
FMCI,-12.29810,43.76650,0,0
FMCV,-12.13105,44.43004,0,0
FMCZ,-12.80932,45.28182,0,0
FMEE,-20.89009,55.51889,0,0
FMEP,-21.31936,55.42251,0,0
FMMI,-18.79690,47.47880,0,0
FMMN,-19.56280,45.45080,0,0
FMMS,-17.09390,49.81580,0,0
FMMT,-18.11354,49.39226,0,0
FMMV,-20.28470,44.31760,0,0
FMNA,-12.34940,49.29170,0,0
FMNC,-16.16390,49.77380,0,0
FMND,-14.65170,49.62060,0,0
FMNH,-14.99940,50.32020,0,0
FMNL,-14.62951,47.76355,0,0
FMNM,-15.66684,46.35123,0,0
FMNN,-13.31210,48.31480,0,0
FMNQ,-16.74453,44.48248,0,0
FMNR,-15.43774,49.68908,0,0
FMNS,-14.27860,50.17470,0,0
FMNV,-13.37580,50.00280,0,0
FMNW,-14.89880,47.99390,0,0
FMSD,-25.03810,46.95610,0,0
FMSF,-21.44160,47.11170,0,0
FMSK,-22.11970,48.02170,0,0
FMSM,-21.20180,48.35830,0,0
FMSR,-21.75384,43.37475,0,0
FMST,-23.38340,43.72850,0,0
FN19,-9.65305,13.26060,0,1
FNBC,-6.26990,14.24700,0,0
FNBG,-12.60900,13.40370,0,0
FNBJ,-9.05073,13.49908,0,0
FNCA,-5.59839,12.18815,0,0
FNCT,-12.47920,13.48690,0,0
FNDU,-7.40089,20.81850,0,0
FNGI,-17.04350,15.68380,0,0
FNHU,-12.80890,15.76050,0,0
FNKU,-12.40460,16.94740,0,0
FNLU,-8.85837,13.23120,0,0
FNMA,-9.52509,16.31240,0,0
FNME,-14.65760,17.71980,0,0
FNMO,-15.26120,12.14680,0,0
FNNG,-7.75451,15.28770,0,0
FNPA,-10.72200,13.76550,0,0
FNSA,-9.68907,20.43190,0,0
FNSO,-6.14109,12.37180,0,0
FNSU,-11.16790,13.84750,0,0
FNUB,-14.92484,13.57665,0,0
FNUE,-11.76810,19.89770,0,0
FNUG,-7.60307,15.02780,0,0
FNXA,-16.75540,14.96530,0,0
FOGK,-1.18461,12.44130,0,0
FOGM,-1.84514,11.05670,0,0
FOGO,1.54311,11.58140,0,0
FOGQ,-0.66521,13.67310,0,0
FOGR,-0.70439,10.24570,0,0
FOOB,2.07564,11.49320,0,0
FOOG,-0.71174,8.75438,0,0
FOOH,-1.57473,9.26269,0,0
FOOK,0.57921,12.89090,0,0
FOOL,0.45895,9.41214,0,0
FOON,-1.65616,13.43800,0,0
FPPR,1.66115,7.41108,0,0
FPST,0.37817,6.71215,0,0
FQBR,-19.79640,34.90760,0,0
FQCH,-19.15130,33.42900,0,0
FQES,-15.73399,32.75627,0,1
FQIN,-23.87640,35.40850,0,0
FQLC,-13.27400,35.26630,0,0
FQMA,-25.92080,32.57260,0,0
FQMD,-11.67290,39.56310,0,0
FQMP,-11.36180,40.35490,0,0
FQNC,-14.48820,40.71220,0,0
FQNP,-15.10560,39.28180,0,0
FQPB,-12.99330,40.52487,0,0
FQQL,-17.85550,36.86910,0,0
FQTT,-16.10480,33.64020,0,0
FQVL,-22.01840,35.31330,0,0
FSIA,-4.67434,55.52180,0,0
FSPP,-4.31926,55.69156,0,0
FTFY,18.52793,20.18864,0,1
FTTC,13.84700,20.84430,0,0
FTTD,8.62850,16.07424,0,0
FTTJ,12.13370,15.03400,0,0
FTTY,17.91710,19.11110,0,0
FVJN,-20.01628,28.62290,0,0
FVCZ,-21.00810,31.57860,0,0
FVFA,-18.09744,25.83687,0,0
FVRG,-17.93180,31.09280,0,0
FVKB,-16.51980,28.88500,0,0
FVMT,-17.43190,32.18450,0,0
FVMV,-20.05530,30.85910,0,0
FVTL,-19.43672,29.86194,0,1
FVWN,-18.62990,27.02100,0,0
FWCL,-15.67719,34.97232,0,0
FWDW,-12.51753,34.13188,0,0
FWKA,-9.95357,33.89326,0,0
FWKI,-13.78940,33.78100,0,0
FWUU,-11.44470,34.01180,0,0
FXMM,-29.45628,27.55446,0,0
FXMU,-29.30280,27.50293,0,1
FYAR,-22.46187,14.97932,0,0
FYGF,-19.60220,18.12270,0,0
FYKM,-17.63426,24.17669,0,0
FYKT,-26.53980,18.11140,0,0
FYLZ,-26.68740,15.24290,0,0
FYML,-24.60540,17.92540,0,0
FYOA,-17.87820,15.95260,0,0
FYOG,-28.58532,16.44638,0,0
FYRU,-17.95650,19.71940,0,0
FYTF,-20.54424,14.35879,0,0
FYTM,-19.26208,17.73251,0,0
FYWB,-22.97933,14.64710,0,0
FYWE,-22.60492,17.07900,0,0
FYWH,-22.47990,17.47090,0,0
FZAA,-4.38575,15.44460,0,0
FZAB,-4.32666,15.32750,0,0
FZBO,-3.31132,17.38170,0,0
FZCA,-5.03577,18.78560,0,0
FZEA,0.02260,18.28870,0,0
FZFD,4.25274,20.97527,0,0
FZFK,3.23537,19.77130,0,0
FZFP,4.15699,21.66667,0,1
FZGA,2.17066,21.49690,0,0
FZIC,0.48164,25.33800,0,0
FZJH,2.82761,27.58830,0,0
FZKA,1.56574,30.22068,0,0
FZKJ,2.81806,24.79400,0,0
FZMA,-2.30898,28.80880,0,0
FZNA,-1.66676,29.23804,0,0
FZOA,-2.91918,25.91540,0,0
FZQA,-11.59149,27.53075,0,0
FZQM,-10.76590,25.50570,0,0
FZRF,-5.87556,29.25000,0,0
FZSA,-8.64202,25.25290,0,1
FZUA,-5.90005,22.46920,0,0
FZWA,-6.12124,23.56900,0,0
GABS,12.53350,-7.94994,0,0
GAGO,16.24847,-0.00539,0,0
GAKD,14.48252,-11.39934,0,0
GAMB,14.51280,-4.07956,0,0
GATB,16.73050,-3.00758,0,0
EGUY,52.35712,-0.10779,0,1
GBYD,13.33800,-16.65220,0,0
GCFV,28.45270,-13.86380,0,0
GCHI,27.81480,-17.88710,0,0
GCLA,28.62650,-17.75560,0,0
GCLP,27.93190,-15.38660,0,0
GCRR,28.94550,-13.60520,0,0
GCTS,28.04450,-16.57250,0,0
GCXO,28.48275,-16.34171,0,0
GEML,35.27980,-2.95626,0,0
GFBO,7.94440,-11.76100,0,0
GFKE,7.89636,-11.17413,0,0
GFLL,8.61644,-13.19550,0,0
GFYE,8.61047,-11.04540,0,0
GGOV,11.89426,-15.65360,0,0
BGQO,60.76383,-46.06500,0,0
GLGE,5.03212,-9.06424,0,0
GLMR,6.28906,-10.75870,0,0
GLRB,6.23379,-10.36230,0,0
GMAD,30.32248,-9.41200,0,0
GMAT,28.44756,-11.16175,0,0
GMAZ,30.26579,-5.86081,0,0
GMFB,32.51431,-1.98306,0,0
GMFF,33.92730,-4.97796,0,0
GMFK,31.94750,-4.39833,0,0
GMFM,33.87910,-5.51512,0,0
GMFO,34.78956,-1.92604,0,0
GMMA,26.73199,-11.68365,0,0
GMMD,32.40190,-6.31590,0,0
GMME,34.05150,-6.75152,0,0
GMMH,23.71830,-15.93200,0,0
GMMI,31.39750,-9.68167,0,0
GMML,27.14247,-13.22495,0,0
GMMN,33.36750,-7.58997,0,0
GMMW,34.98880,-3.02821,0,0
GMMX,31.60481,-8.03579,0,0
GMMP,34.29890,-6.59588,0,1
GMMZ,30.93910,-6.90943,0,0
GMTA,35.17710,-3.83952,0,0
GMTN,35.59430,-5.32002,0,0
GMTT,35.73174,-5.92146,0,0
GOBD,14.67088,-17.07283,0,0
GOGG,12.55559,-16.28330,0,0
GOGS,12.39533,-16.74800,0,0
GOOK,14.14690,-16.05130,0,0
GOOY,14.74234,-17.47922,0,0
GOSM,15.59360,-13.32280,0,0
GOSS,16.04981,-16.46104,0,0
GOTB,14.84730,-12.46830,0,0
GOTK,12.57230,-12.22030,0,0
GOTT,13.73680,-13.65310,0,0
GQNO,18.31000,-15.96972,0,0
GQPA,20.50582,-13.04374,0,0
GQPP,20.93240,-17.03020,0,0
GQPZ,22.75735,-12.48223,0,0
LGTL,35.19134,25.32659,0,1
GUCY,9.57689,-13.61200,0,0
GVAC,16.74140,-22.94940,0,0
GVBA,16.13650,-22.88890,0,0
GVMA,15.15590,-23.21370,0,0
GVNP,14.94113,-23.48473,0,0
GVSN,16.58885,-24.28413,0,0
GVSV,16.83336,-25.05531,0,0
HAAB,8.97789,38.79930,0,0
HAAM,6.03939,37.59050,0,0
HAAX,14.14680,38.77280,0,0
HABD,11.60810,37.32160,0,0
HADR,9.62355,41.85503,0,0
HAGM,8.12876,34.56310,0,0
HAGN,12.51990,37.43400,0,0
HAGO,5.93513,43.57860,0,0
HAHM,8.71630,39.00590,0,0
HAJJ,9.33191,42.91181,0,0
HABC,5.74965,36.56016,0,0
HAJM,7.66609,36.81660,0,0
HAKD,6.73258,44.24134,0,0
HALA,7.10061,38.39646,0,0
HAMK,13.46740,39.53350,0,0
HASO,10.01850,34.58630,0,0
HBBA,-3.32402,29.31850,0,0
HBBE,-3.41721,29.91131,0,0
HCMF,11.27524,49.13923,0,0
HCMH,9.51408,44.08347,0,0
HCMI,10.38504,44.93672,0,0
HCMK,-0.37735,42.45920,0,0
HCMM,2.01444,45.30470,0,0
HDAM,11.54730,43.15950,0,0
HE12,30.33237,31.44811,0,1
HE15,29.82250,31.33090,0,1
HE16,30.83660,30.93600,0,1
HE26,26.55239,33.12854,0,1
HE27,29.55263,25.58458,0,1
HE28,30.54050,30.56020,0,1
HE32,30.96760,31.43420,0,1
HE35,30.57270,32.09530,0,1
RDL,30.41071,33.15535,0,0
HE37,30.39490,31.60140,0,1
HE42,30.57900,31.12920,0,0
HEAL,30.92432,28.46161,0,0
HEAR,31.05532,33.82796,0,0
HEAT,27.04596,31.01276,0,0
HEAZ,30.09170,31.35974,0,1
HEAX,30.93249,29.69644,0,0
HEBL,22.37592,31.61173,0,0
HEBS,29.20224,31.01347,0,1
HECA,30.11153,31.39669,0,0
HECP,30.06465,31.83997,0,0
HECW,30.11643,30.91553,0,1
HEGN,27.17678,33.79669,0,0
HEGR,31.07814,34.15313,0,0
HEGS,30.81980,30.19120,0,1
HEIS,30.59795,32.23569,0,1
HELX,25.67102,32.70645,0,0
HEMA,25.55555,34.59245,0,0
HEMM,31.32431,27.22227,0,0
HEPS,31.27929,32.24058,0,0
HESC,28.68429,34.06441,0,0
HESG,26.34251,31.74302,0,0
HESH,27.97727,34.39472,0,0
HESN,23.96108,32.82038,0,0
HESX,30.10818,30.89573,0,0
HETB,29.59450,34.77575,0,0
HHAS,15.29190,38.91070,0,0
HHMS,15.67000,39.37010,0,0
HHSB,13.07180,42.64500,0,0
HJJJ,4.87201,31.60110,0,0
HKAM,-2.64479,37.25292,0,0
HKEL,0.40446,35.23890,0,0
HKJK,-1.31889,36.92823,0,0
HKKI,-0.08614,34.72890,0,0
HKKT,0.97199,34.95860,0,0
HKLK,4.20412,34.34820,0,0
HKLO,3.12197,35.60870,0,0
HKLU,-2.25243,40.91289,0,0
HKML,-3.22931,40.10170,0,0
HKMO,-4.03483,39.59420,0,0
HKMS,-1.40459,35.00835,0,0
HKNK,-0.29842,36.15919,0,0
HKNL,-0.06235,37.04130,0,0
HKNW,-1.32172,36.81480,0,0
HKNY,0.02902,37.02520,0,1
HKRE,-1.27727,36.86230,0,1
HKWJ,1.73324,40.09160,0,0
HL56,21.68770,21.83090,0,1
HLBU,32.45290,23.11860,0,0
HL77,32.47340,11.89790,0,1
HLGD,31.05858,16.59709,0,1
HLGT,25.14560,10.14260,0,0
HLKF,24.17870,23.31400,0,0
HLLB,32.09680,20.26950,0,0
HLLM,32.89177,13.28788,0,0
HLLQ,32.78904,21.95486,0,0
HLLS,26.99245,14.46616,0,0
HLMB,30.37810,19.57640,0,0
HLTD,30.14548,9.70209,0,0
HRYG,-1.67720,29.25890,0,0
HRYR,-1.96863,30.13950,0,0
HRZA,-2.46224,28.90790,0,0
HSDN,19.15367,30.43007,0,0
HJPH,10.52917,32.50056,0,0
HSFS,13.61490,25.32460,0,0
HSKA,15.38750,36.32880,0,0
HSMN,18.44333,31.84333,0,0
HSNN,12.05350,24.95620,0,0
HSOB,13.15320,30.23270,0,0
HSPN,19.43456,37.23412,0,0
HSSG,13.47740,22.53722,0,0
HSSK,15.58950,32.55320,0,0
HSSM,9.55874,31.65194,0,0
HSSP,19.57650,37.21590,0,1
HSWW,7.72583,27.97500,0,0
HTAR,-3.36779,36.63330,0,0
HTDA,-6.87350,39.20729,0,0
HTDO,-6.17056,35.75604,0,0
HTGW,-8.91994,33.27398,0,0
HTIR,-7.66863,35.75210,0,0
HTKJ,-3.42705,37.07353,0,0
HTLM,-3.37631,35.81830,0,0
HTMT,-10.33620,40.18200,0,0
HTMW,-2.44656,32.93605,0,0
HTNG,-6.71708,38.15394,0,1
HTPE,-5.25726,39.81140,0,0
HTTG,-5.09236,39.07120,0,0
HTZA,-6.22202,39.22490,0,0
LHKA,46.55149,18.94230,0,0
HUAR,3.04915,30.91171,0,0
HUEN,0.04239,32.44350,0,0
HUGU,2.80556,32.27180,0,0
HUSO,1.72769,33.62280,0,0
HZU,30.67734,104.52940,0,0
IBL,-21.70800,35.45280,0,0
WARD,-7.74953,111.94683,0,0
WAYB,-3.73950,137.03118,0,0
VEAY,26.74774,82.16366,0,0
VAAM,20.81461,77.71776,0,0
VOSR,16.00255,73.52985,0,0
VANM,18.98460,73.06525,0,0
VOSH,13.85802,75.61887,0,0
VEHO,26.96683,93.63879,0,0
VIND,28.17987,77.61184,0,0
VEAP,22.98753,83.19612,0,0
ORAN,32.50436,45.33306,0,1
OJKF,30.34350,36.14770,0,1
KBVU,35.94716,-114.85880,0,0
MFH,36.83311,-114.05593,0,0
K76F,32.68150,-95.98410,0,0
K79J,31.30880,-86.39380,0,0
KABE,40.65177,-75.44280,0,0
KABI,32.41130,-99.68190,0,0
KABQ,35.03998,-106.60892,0,0
KABR,45.44910,-98.42180,0,0
KABY,31.53295,-84.19621,0,0
KACK,41.25310,-70.06020,0,0
KACT,31.61130,-97.23050,0,0
KACV,40.97810,-124.10900,0,0
KACY,39.45620,-74.57751,0,0
KADH,34.80521,-96.67199,0,0
KADW,38.81080,-76.86700,0,0
KAEG,35.14520,-106.79500,0,0
KAEX,31.32583,-92.54670,0,0
KAFW,32.99044,-97.31947,0,0
KAGC,40.35440,-79.93020,0,0
KAGR,27.65060,-81.34940,0,1
KAGS,33.36990,-81.96450,0,0
KAHN,33.94884,-83.32563,0,0
KAIA,42.05254,-102.80397,0,0
KAKR,41.03735,-81.46784,0,0
KALB,42.74830,-73.80170,0,0
KALI,27.74090,-98.02690,0,0
KALM,32.83782,-105.99315,0,0
KALN,38.89030,-90.04600,0,0
KALO,42.55710,-92.40030,0,0
KALS,37.43490,-105.86700,0,0
KALW,46.09490,-118.28800,0,0
KAMA,35.21786,-101.70644,0,0
KANB,33.58820,-85.85810,0,0
KAND,34.49460,-82.70940,0,0
KAOO,40.29640,-78.32000,0,0
KAPA,39.57010,-104.84900,0,0
KAPF,26.15260,-81.77530,0,0
KAPG,39.46620,-76.16880,0,0
KAPN,45.07810,-83.56030,0,0
KARA,30.03780,-91.88390,0,0
KART,43.99190,-76.02170,0,0
KASE,39.22320,-106.86900,0,0
KAST,46.15800,-123.87900,0,0
KATL,33.63670,-84.42810,0,0
KATW,44.25852,-88.51900,0,0
KATY,44.91400,-97.15470,0,0
KAUG,44.32060,-69.79730,0,0
KAUS,30.19753,-97.66201,0,0
KAUW,44.92620,-89.62660,0,0
KAVL,35.43549,-82.54185,0,0
KAVP,41.33706,-75.72423,0,0
KAWO,48.16145,-122.15844,0,0
KAXN,45.86630,-95.39470,0,0
KAYX,35.39260,-86.08580,0,1
KAZO,42.23210,-85.54964,0,0
KBAB,39.13610,-121.43700,0,1
KBAD,32.50180,-93.66270,0,1
KBAF,42.15780,-72.71560,0,0
KBAK,39.26239,-85.89558,0,0
KBAZ,29.70450,-98.04220,0,0
KBBD,31.17893,-99.32473,0,0
KBBG,36.53208,-93.20054,0,0
KBCE,37.70640,-112.14500,0,0
KBCT,26.37850,-80.10770,0,0
KBDE,48.72840,-94.61220,0,0
KBDL,41.93856,-72.68802,0,0
KBDR,41.16350,-73.12620,0,0
KBED,42.47000,-71.28900,0,0
KBFD,41.80310,-78.64010,0,0
KBFF,41.87400,-103.59600,0,0
KBFI,47.52704,-122.29995,0,0
KBFL,35.43360,-119.05700,0,0
KBFM,30.62680,-88.06810,0,0
KBGM,42.20870,-75.97980,0,0
KBGR,44.80636,-68.82667,0,0
KBHB,44.45000,-68.36150,0,0
KBHM,33.56288,-86.75071,0,0
KBIF,31.84950,-106.38000,0,0
KBIH,37.37310,-118.36400,0,0
KBIL,45.80893,-108.54124,0,0
KBIS,46.77273,-100.74687,0,0
KBIX,30.41040,-88.92440,0,1
KBJC,39.90880,-105.11700,0,0
KBJI,47.50940,-94.93370,0,0
KBKE,44.83730,-117.80900,0,0
KBKF,39.70170,-104.75200,0,0
KBKL,41.51750,-81.68330,0,0
KBKW,37.78730,-81.12420,0,0
KBLF,37.29580,-81.20770,0,0
KBLH,33.61920,-114.71700,0,0
KBLI,48.79280,-122.53800,0,0
KBLV,38.54520,-89.83520,0,1
KBMG,39.14600,-86.61670,0,0
KBMI,40.47710,-88.91590,0,0
KBNA,36.12450,-86.67820,0,0
KBNO,43.59046,-118.95515,0,0
KBOI,43.56440,-116.22300,0,0
KBOS,42.36197,-71.00790,0,0
KBPI,42.58510,-110.11100,0,0
KBPK,36.36890,-92.47050,0,0
KBPT,29.95080,-94.02070,0,0
KBQK,31.25880,-81.46650,0,0
KBRD,46.40286,-94.12973,0,0
KBRL,40.78320,-91.12550,0,0
KBRO,25.90724,-97.42524,0,0
KBTL,42.30730,-85.25150,0,0
KBTM,45.95480,-112.49700,0,0
KBTR,30.53320,-91.14960,0,0
KBTV,44.47190,-73.15330,0,0
KBUF,42.94050,-78.73220,0,0
KBUR,34.20283,-118.35805,0,0
KBVI,40.77250,-80.39140,0,0
KBVY,42.58420,-70.91650,0,0
KBWG,36.96450,-86.41970,0,0
KBWI,39.17540,-76.66830,0,0
KBXM,43.89220,-69.93860,0,0
KBYH,35.96430,-89.94400,0,0
KBYI,42.54260,-113.77200,0,0
KBYS,35.28050,-116.63000,0,0
KBZN,45.77885,-111.15371,0,0
KCAE,33.93817,-81.12302,0,0
KCAK,40.91610,-81.44220,0,0
KCAR,46.87150,-68.01790,0,0
KCBM,33.64380,-88.44380,0,1
KCCR,37.98970,-122.05700,0,0
KCCY,43.07260,-92.61080,0,0
KCDC,37.70100,-113.09900,0,0
KCDR,42.83760,-103.09500,0,0
KCDS,34.43380,-100.28800,0,0
KCEC,41.77893,-124.23640,0,0
KCEF,42.19400,-72.53480,0,0
KCEW,30.77880,-86.52210,0,0
KCEZ,37.30300,-108.62800,0,0
KCGF,41.56510,-81.48640,0,0
KCGI,37.22530,-89.57080,0,0
KCHA,35.03530,-85.20380,0,0
KCHO,38.13860,-78.45290,0,0
KCHS,32.89616,-80.03815,0,0
KCID,41.88470,-91.71080,0,0
KCIU,46.24204,-84.46208,0,0
KCKB,39.29660,-80.22810,0,0
KCLE,41.41170,-81.84980,0,0
KCLL,30.58860,-96.36380,0,0
KCLM,48.12020,-123.50000,0,0
KCLT,35.21400,-80.94310,0,0
KCMA,34.21370,-119.09400,0,0
KCMH,39.99800,-82.89190,0,0
KCMI,40.03982,-88.27625,0,0
KCMX,47.16840,-88.48910,0,0
KCNM,32.33750,-104.26300,0,0
KCNU,37.66817,-95.48673,0,0
KCNY,38.75500,-109.75500,0,0
KCOD,44.52020,-109.02400,0,0
KCOE,47.77430,-116.82000,0,0
KCOF,28.23490,-80.61010,0,0
KCON,43.20270,-71.50230,0,0
KCOS,38.80580,-104.70100,0,0
KCOU,38.81810,-92.21960,0,0
KCPR,42.90738,-106.46161,0,0
KCRE,33.81170,-78.72390,0,0
KCRG,30.33630,-81.51440,0,0
KCRP,27.77040,-97.50120,0,0
KCRQ,33.12830,-117.28000,0,0
KCRW,38.37310,-81.59320,0,0
KCSG,32.51642,-84.93960,0,0
KCSV,35.95131,-85.08499,0,0
KCTB,48.60866,-112.37818,0,0
KCUB,33.97050,-80.99520,0,0
KCVG,39.04880,-84.66780,0,0
KCVN,34.42659,-103.07879,0,0
KCVO,44.49720,-123.29000,0,0
KCVS,34.38280,-103.32200,0,1
KCWA,44.77745,-89.67024,0,0
KCXO,30.35180,-95.41450,0,0
KCXP,39.19433,-119.73431,0,0
KCYS,41.15570,-104.81200,0,0
KDAA,38.71500,-77.18100,0,0
KDAB,29.18255,-81.05946,0,0
KDAG,34.85370,-116.78700,0,0
KDAL,32.84478,-96.84765,0,0
KDAN,36.57290,-79.33610,0,0
KDAY,39.90240,-84.21940,0,0
KDBQ,42.40200,-90.70950,0,0
KDCA,38.85210,-77.03770,0,0
KDDC,37.76340,-99.96560,0,0
KDEC,39.83460,-88.86570,0,0
KDEN,39.86003,-104.67379,0,0
KDET,42.40920,-83.00990,0,0
KDFW,32.89680,-97.03800,0,0
KDHN,31.32130,-85.44960,0,0
KDHT,36.02260,-102.54700,0,0
KDIK,46.79753,-102.80191,0,0
KDLF,29.35950,-100.77800,0,1
KDLH,46.84187,-92.19875,0,0
KDLS,45.62098,-121.17078,0,0
KDMA,32.16650,-110.88300,0,1
KDMN,32.26230,-107.72100,0,0
KDNL,33.46650,-82.03940,0,0
KDOV,39.12950,-75.46600,0,1
KDPA,41.90780,-88.24860,0,0
KDRA,36.61940,-116.03300,0,0
KDRI,30.83170,-93.33990,0,0
KDRO,37.15150,-107.75400,0,0
KDRT,29.37420,-100.92700,0,0
KDSM,41.53403,-93.65672,0,0
KDTS,30.40010,-86.47150,0,0
KDTW,42.21377,-83.35379,0,0
KDUA,33.93968,-96.39507,0,0
KDUG,31.46414,-109.60456,0,0
KDUJ,41.17830,-78.89870,0,0
KDVL,48.11545,-98.90880,0,0
KDXR,41.37166,-73.48223,0,0
KDYS,32.42080,-99.85460,0,1
KEAR,40.72700,-99.00680,0,0
KEAT,47.39890,-120.20700,0,0
KEAU,44.86580,-91.48430,0,0
KECG,36.26060,-76.17460,0,1
KECP,30.35711,-85.79541,0,0
KEDC,30.39805,-97.56691,0,0
KEDW,34.91078,-117.88639,0,1
KEED,34.76630,-114.62300,0,0
KEEN,42.89840,-72.27080,0,0
KEET,33.17700,-86.78280,0,0
KEFD,29.60730,-95.15880,0,0
KEGE,39.64260,-106.91800,0,0
KEGI,30.65040,-86.52290,0,0
KEKA,40.80340,-124.11300,0,0
KEKN,38.88976,-79.85765,0,0
KEKO,40.82490,-115.79200,0,0
KELD,33.22100,-92.81330,0,0
KELM,42.15990,-76.89160,0,0
KELO,47.82450,-91.83070,0,0
KELP,31.80991,-106.37561,0,0
KELY,39.29970,-114.84200,0,0
KEND,36.33920,-97.91650,0,1
KENV,40.71870,-114.03100,0,0
KENW,42.59570,-87.92780,0,0
KERI,42.08313,-80.17387,0,0
KESC,45.72320,-87.08862,0,0
KESF,31.39427,-92.29408,0,0
KEUG,44.12460,-123.21200,0,0
KEVV,38.03700,-87.53240,0,0
KEVW,41.27480,-111.03500,0,0
KEWB,41.67610,-70.95690,0,0
KEWN,35.07300,-77.04290,0,0
KEWR,40.68940,-74.17055,0,0
KEYW,24.55612,-81.75958,0,0
KFAF,37.13250,-76.60880,0,0
KFAR,46.92070,-96.81580,0,0
KFAT,36.77577,-119.71802,0,0
KFAY,34.99120,-78.88030,0,0
KFBG,35.13180,-78.93670,0,0
KFCS,38.67840,-104.75700,0,0
KFDY,41.01350,-83.66870,0,0
KFFO,39.82610,-84.04830,0,1
KFHR,48.52365,-123.02465,0,0
KFHU,31.58738,-110.34822,0,0
KFKL,41.37790,-79.86040,0,0
KFLG,35.13976,-111.66983,0,0
KFLL,26.07260,-80.15270,0,0
KFLO,34.18540,-79.72390,0,0
KFME,39.08540,-76.75940,0,0
KFMH,41.65790,-70.52163,0,1
KFMN,36.74120,-108.23000,0,0
KFMY,26.58660,-81.86330,0,0
KFNL,40.44969,-105.01127,0,0
KFNT,42.96929,-83.74335,0,0
KFOD,42.55262,-94.19124,0,0
KFOE,38.95090,-95.66360,0,0
KFPR,27.49510,-80.36830,0,0
KFRG,40.72858,-73.41427,0,0
KFRI,39.05302,-96.76420,0,0
KFSD,43.58546,-96.74115,0,0
KFSI,34.64980,-98.40220,0,0
KFSM,35.33660,-94.36740,0,0
KFST,30.91570,-102.91600,0,0
KFTK,37.90710,-85.97210,0,0
KFTW,32.81992,-97.36082,0,0
KFTY,33.77910,-84.52140,0,0
KFWA,40.97890,-85.19446,0,0
KFXE,26.19730,-80.17070,0,0
KFYV,36.00510,-94.17010,0,0
UCFD,40.94440,72.97780,0,0
KGCC,44.34890,-105.53900,0,0
KGCK,37.92750,-100.72400,0,0
KGCN,35.95240,-112.14700,0,0
KGDV,47.13766,-104.80691,0,0
KGEG,47.61990,-117.53400,0,0
KGFK,47.94930,-97.17610,0,0
KGFL,43.34120,-73.61030,0,0
KGGG,32.38400,-94.71150,0,0
KGGW,48.21250,-106.61500,0,0
KGJT,39.12666,-108.52939,0,0
KGLD,39.37070,-101.69975,0,0
KGLH,33.48290,-90.98560,0,0
KGLS,29.26530,-94.86040,0,0
KGMU,34.84790,-82.35022,0,0
KGNV,29.69010,-82.27180,0,0
KGON,41.33010,-72.04510,0,0
KGPI,48.31050,-114.25600,0,0
KGPT,30.40558,-89.06984,0,0
KGRB,44.48346,-88.13080,0,0
KGRF,47.07920,-122.58100,0,0
KGRI,40.96750,-98.30960,0,0
KGRK,31.06720,-97.82890,0,0
KGRR,42.88080,-85.52280,0,0
KGSB,35.33940,-77.96060,0,1
KGSO,36.09937,-79.93726,0,0
KGSP,34.89570,-82.21890,0,0
KGTB,44.05560,-75.71950,0,0
KGTF,47.48200,-111.37100,0,0
KGTR,33.45030,-88.59140,0,0
KGUC,38.53467,-106.93457,0,0
KGUP,35.51165,-108.78817,0,0
KGUS,40.64810,-86.15210,0,0
KGUY,36.68510,-101.50800,0,0
KGWO,33.49502,-90.08820,0,0
KGYI,33.71410,-96.67370,0,0
KGYY,41.61709,-87.41321,0,0
VDDS,10.91424,103.22665,0,0
VDTI,11.35999,104.92127,0,0
KHBG,31.26480,-89.25280,0,0
KHBR,34.99132,-99.05131,0,0
KHDN,40.48120,-107.21800,0,0
KHEF,38.72302,-77.51542,0,0
KHFD,41.73670,-72.64940,0,0
KHGR,39.70877,-77.72801,0,0
KHHR,33.92280,-118.33500,0,0
KHIB,47.38483,-92.83691,0,0
KHIF,41.12403,-111.97309,0,1
KHII,34.57051,-114.35774,0,0
KHIO,45.54040,-122.95000,0,0
KHKY,35.74110,-81.38950,0,0
KHLG,40.17500,-80.64630,0,0
KHLN,46.60680,-111.98300,0,0
KHMN,32.85250,-106.10700,0,1
KHOB,32.68750,-103.21700,0,0
KHON,44.38520,-98.22850,0,0
KHOP,36.67415,-87.48974,0,0
KHOT,34.47880,-93.09626,0,0
KHOU,29.64534,-95.27681,0,0
KHPN,41.06700,-73.70760,0,0
KHQM,46.97120,-123.93700,0,0
KHRL,26.22850,-97.65440,0,0
KHRO,36.26150,-93.15470,0,0
KHRT,30.42780,-86.68930,0,0
KHST,25.48860,-80.38360,0,0
KHSV,34.63624,-86.77438,0,0
KHTS,38.36670,-82.55800,0,0
KHUA,34.67870,-86.68480,0,0
KHUF,39.45150,-87.30760,0,0
KHUL,46.12310,-67.79210,0,0
KHUT,38.06550,-97.86060,0,0
KHVN,41.26287,-72.88769,0,0
KHVR,48.54139,-109.76286,0,0
KHWO,26.00120,-80.24070,0,0
KHXD,32.22440,-80.69750,0,0
KHYA,41.66930,-70.28040,0,0
KHYI,29.89270,-97.86300,0,0
KHYR,46.02520,-91.44430,0,0
KHYS,38.84452,-99.27315,0,0
KHZY,41.77800,-80.69550,0,0
KRGA,37.63080,-84.33230,0,0
KIAB,37.62190,-97.26820,0,1
KIAD,38.94450,-77.45580,0,0
KIAG,43.10730,-78.94620,0,0
KIAH,29.98440,-95.34140,0,0
KICT,37.65031,-97.42858,0,0
KIDA,43.51460,-112.07100,0,0
KIFP,35.15473,-114.55932,0,0
KIGM,35.25950,-113.93800,0,0
KIKK,41.07140,-87.84630,0,0
KILG,39.67870,-75.60650,0,0
KILM,34.27235,-77.90512,0,0
KILN,39.42790,-83.79210,0,0
KIMT,45.81911,-88.11456,0,0
KIND,39.71730,-86.29440,0,0
KINK,31.77960,-103.20100,0,0
KINL,48.56620,-93.40310,0,0
KINS,36.58720,-115.67300,0,1
KINT,36.13370,-80.22200,0,0
KINW,35.02190,-110.72300,0,0
KIPL,32.83539,-115.57403,0,0
KIPT,41.24213,-76.92245,0,0
KIRK,40.09350,-92.54490,0,0
KISM,28.28980,-81.43710,0,0
KISO,35.33140,-77.60880,0,0
KISP,40.79632,-73.10170,0,0
KITH,42.49100,-76.45840,0,0
KIWA,33.30780,-111.65500,0,0
KJAC,43.60730,-110.73800,0,0
KJAN,32.31120,-90.07590,0,0
KJAX,30.49247,-81.68781,0,0
KJBR,35.83170,-90.64640,0,0
KJCT,30.51130,-99.76350,0,0
KJFK,40.63945,-73.77932,0,0
KJHW,42.15425,-79.25401,0,0
KJKL,37.59390,-83.31730,0,0
KJLN,37.15180,-94.49830,0,0
KJMS,46.92970,-98.67820,0,0
KJNX,35.54090,-78.39030,0,0
KJQF,35.38780,-80.70910,0,0
KJST,40.31610,-78.83390,0,0
KJWY,32.45870,-96.91240,0,0
KJXN,42.26051,-84.46302,0,0
KKLS,46.11800,-122.89800,0,0
KL45,35.32480,-118.99600,0,0
KL71,35.15138,-118.01606,0,0
KLAA,38.06641,-102.69137,0,0
KLAF,40.41287,-86.93936,0,0
KLAL,27.98927,-82.02071,0,0
KLAN,42.77758,-84.58572,0,0
KLAR,41.31210,-105.67500,0,0
KLAS,36.08336,-115.15182,0,0
KLAW,34.56770,-98.41660,0,0
KLAX,33.94250,-118.40800,0,0
KLBB,33.66360,-101.82300,0,0
KLBE,40.27590,-79.40480,0,0
KLBF,41.12620,-100.68400,0,0
KLBL,37.04420,-100.96000,0,0
KLBT,34.61077,-79.05943,0,0
KLBX,29.10860,-95.46210,0,0
KLCH,30.12610,-93.22330,0,0
KLCK,39.81380,-82.92780,0,0
KLEB,43.62610,-72.30420,0,0
KLEE,28.82310,-81.80870,0,0
KLEX,38.03507,-84.60674,0,0
KLFI,37.08290,-76.36050,0,1
KLFK,31.23400,-94.75000,0,0
KLFT,30.20530,-91.98760,0,0
KLGA,40.77720,-73.87260,0,0
KLGB,33.81652,-118.14989,0,0
KLGU,41.79120,-111.85200,0,0
KLIT,34.72922,-92.22359,0,0
KLLQ,33.63860,-91.75100,0,0
KLMT,42.15610,-121.73300,0,0
KLND,42.81520,-108.73000,0,0
KLNK,40.84488,-96.76178,0,0
KLNS,40.12170,-76.29610,0,0
KLOL,40.06640,-118.56500,0,0
KLOU,38.22800,-85.66370,0,0
KLOZ,37.08220,-84.08490,0,0
KLRD,27.54380,-99.46160,0,0
KLRF,34.91690,-92.14970,0,1
KLRU,32.28940,-106.92200,0,0
KLSE,43.87900,-91.25670,0,0
KLSF,32.33255,-84.98800,0,0
KLSV,36.23620,-115.03400,0,1
KLTS,34.66710,-99.26670,0,1
KLUF,33.53500,-112.38300,0,1
KLUK,39.10236,-84.41894,0,0
KLVM,45.69940,-110.44800,0,0
KLVS,35.65420,-105.14200,0,0
KLWB,37.85791,-80.40044,0,0
KLWM,42.71720,-71.12340,0,0
KLWS,46.37450,-117.01500,0,0
KLWT,47.04843,-109.46614,0,0
KLYH,37.32670,-79.20040,0,0
KMAF,31.94250,-102.20200,0,0
KMBG,45.54650,-100.40800,0,0
KMBS,43.53318,-84.08310,0,0
KMCB,31.17850,-90.47190,0,0
KMCC,38.66760,-121.40100,0,0
KMCE,37.28470,-120.51400,0,0
KMCF,27.84930,-82.52120,0,1
KMCI,39.30170,-94.71389,0,0
KMCK,40.20779,-100.59279,0,0
KMCN,32.69280,-83.64920,0,0
KMCO,28.42940,-81.30900,0,0
KMCW,43.15980,-93.32972,0,0
KMDH,37.77810,-89.25200,0,0
KMDT,40.19284,-76.76233,0,0
KMDW,41.78600,-87.75240,0,0
KMEI,32.33260,-88.75190,0,0
KMEM,35.04384,-89.97634,0,0
KMER,37.38050,-120.56800,0,0
KMFD,40.82140,-82.51660,0,0
KMFE,26.17614,-98.23797,0,0
KMFR,42.37420,-122.87300,0,0
KMGC,41.70330,-86.82120,0,0
KMGE,33.91540,-84.51630,0,0
KMGM,32.30060,-86.39400,0,0
KMGW,39.64330,-79.91760,0,0
KMHK,39.14100,-96.67080,0,0
KMHR,38.55474,-121.29799,0,0
KMHT,42.93260,-71.43570,0,0
KMHV,35.05639,-118.14534,0,0
KMIA,25.79601,-80.28975,0,0
KMIB,48.41560,-101.35800,0,1
KMIE,40.24230,-85.39590,0,0
KMIV,39.36780,-75.07220,0,0
KMKC,39.12320,-94.59280,0,0
KMKE,42.94720,-87.89660,0,0
KMKG,43.16950,-86.23820,0,0
KMKL,35.59990,-88.91560,0,0
KMLB,28.10201,-80.64109,0,0
KMLC,34.88240,-95.78350,0,0
KMLI,41.44850,-90.50750,0,0
KMLS,46.42727,-105.88537,0,0
KMLU,32.51090,-92.03770,0,0
KMMH,37.62538,-118.84306,0,0
KMMT,33.92080,-80.80130,0,0
KMMU,40.79906,-74.41495,0,0
KMMV,45.19440,-123.13600,0,0
KMOB,30.69120,-88.24280,0,0
KMOD,37.62580,-120.95400,0,0
KMOT,48.25801,-101.27912,0,0
KMPV,44.20350,-72.56230,0,0
KMQY,36.00900,-86.52010,0,0
KMRB,39.40190,-77.98460,0,0
KMRY,36.58678,-121.84418,0,0
KMSL,34.74512,-87.61298,0,0
KMSN,43.13990,-89.33750,0,0
KMSO,46.91582,-114.09111,0,0
KMSP,44.88008,-93.22174,0,0
KMSS,44.93616,-74.84430,0,0
KMSY,29.99340,-90.26467,0,0
KMTC,42.61346,-82.83692,0,0
KMTH,24.72601,-81.05138,0,0
KMTJ,38.50980,-107.89400,0,0
KMTN,39.32570,-76.41380,0,0
KMUI,40.43521,-76.56866,0,0
KMUO,43.04360,-115.87200,0,1
KMWA,37.75121,-89.01657,0,0
KMWH,47.20770,-119.32000,0,0
KMWL,32.78160,-98.06020,0,0
KMXF,32.38290,-86.36580,0,1
KMYL,44.88884,-116.10111,0,0
KMYR,33.67970,-78.92830,0,0
KMYV,39.09780,-121.57000,0,0
KNBC,32.47740,-80.72320,0,0
KNBG,29.82530,-90.03500,0,0
KNCA,34.70840,-77.43970,0,0
KNDZ,30.70440,-87.02300,0,1
KNEL,40.03330,-74.35330,0,0
KNEW,30.04240,-90.02830,0,0
KNFG,33.30130,-117.35500,0,0
KNFL,39.41660,-118.70100,0,1
KNFW,32.76920,-97.44150,0,0
KNGP,27.69260,-97.29110,0,1
KNGU,36.93760,-76.28930,0,1
KNHK,38.28600,-76.41180,0,1
KNID,35.68540,-117.69200,0,0
KNIP,30.23580,-81.68060,0,1
KNJK,32.82920,-115.67200,0,0
KNKT,34.90090,-76.88070,0,0
KNKX,32.86840,-117.14300,0,1
KNLC,36.33300,-119.95200,0,1
KNMM,32.55310,-88.55406,0,1
KNPA,30.35270,-87.31860,0,1
KNQA,35.35670,-89.87030,0,0
KNQI,27.50720,-97.80970,0,1
KNQX,24.57580,-81.68890,0,1
KNRB,30.39110,-81.42470,0,1
KNSE,30.72420,-87.02190,0,1
KNTD,34.12030,-119.12100,0,1
KNTU,36.82070,-76.03350,0,1
KNUQ,37.41610,-122.04900,0,0
KNUW,48.35180,-122.65600,0,1
KNXP,34.29620,-116.16200,0,0
KNYG,38.50170,-77.30530,0,0
KNYL,32.65094,-114.60938,0,1
KNZY,32.69920,-117.21500,0,1
KOAJ,34.82920,-77.61210,0,0
KOAK,37.72008,-122.22118,0,0
KOFF,41.11931,-95.90851,0,1
KOFK,41.98550,-97.43510,0,0
KOGB,33.45680,-80.85950,0,0
KOGD,41.19590,-112.01200,0,0
KOGS,44.68190,-75.46550,0,0
KOKB,33.21795,-117.35168,0,0
KOKC,35.39339,-97.59825,0,0
KOLF,48.09450,-105.57500,0,0
KOLM,46.96940,-122.90300,0,0
KOLS,31.41770,-110.84800,0,0
KOLU,41.44814,-97.34017,0,0
KOMA,41.30320,-95.89410,0,0
KONO,44.01980,-117.01329,0,0
KONP,44.58040,-124.05800,0,0
KONT,34.05600,-117.60100,0,0
KOPF,25.90700,-80.27840,0,0
KOQU,41.59710,-71.41210,0,0
KORD,41.97860,-87.90480,0,0
KORF,36.89534,-76.20100,0,0
KORH,42.26730,-71.87570,0,0
KORL,28.54550,-81.33290,0,0
KORS,48.70820,-122.91000,0,0
KOSH,43.98440,-88.55700,0,0
KOSU,40.07980,-83.07300,0,0
KOTH,43.41710,-124.24600,0,0
KOTM,41.10637,-92.44984,0,0
KOWB,37.74010,-87.16680,0,0
KOWD,42.19050,-71.17290,0,0
KOXB,38.31040,-75.12400,0,0
KOXR,34.20080,-119.20700,0,0
KOZR,31.27570,-85.71340,0,0
KPAE,47.90630,-122.28200,0,0
KPAH,37.06080,-88.77380,0,0
KPAM,30.06960,-85.57540,0,1
KPAO,37.46110,-122.11500,0,0
KPBF,34.17412,-91.93564,0,0
KPBG,44.65090,-73.46810,0,0
PBI,26.68320,-80.09560,0,0
KPCW,41.51565,-82.86833,0,0
KPDK,33.87633,-84.30213,0,0
KPDT,45.69510,-118.84100,0,0
KPDX,45.58870,-122.59800,0,0
KPGA,36.92423,-111.44772,0,0
KPGD,26.92020,-81.99050,0,0
KPGV,35.63553,-77.38426,0,0
KPHF,37.13190,-76.49300,0,0
KPHL,39.87190,-75.24110,0,0
KPHX,33.43530,-112.00590,0,0
KPIA,40.66384,-89.69263,0,0
KPIB,31.46710,-89.33710,0,0
KPIE,27.91020,-82.68740,0,0
KPIH,42.90980,-112.59600,0,0
KPIR,44.38270,-100.28600,0,0
KPIT,40.49150,-80.23290,0,0
KPKB,39.34510,-81.43920,0,0
KPLN,45.57090,-84.79670,0,0
KPMD,34.62940,-118.08500,0,0
KPNA,42.79550,-109.80700,0,0
KPNC,36.73200,-97.09980,0,0
KPNE,40.08241,-75.01061,0,0
KPNS,30.47272,-87.18664,0,0
KPOB,35.17090,-79.01450,0,0
KPOE,31.04480,-93.19170,0,0
KPOU,41.62660,-73.88420,0,0
KPQI,46.68900,-68.04480,0,0
KPRB,35.67290,-120.62700,0,0
KPRC,34.65350,-112.41988,0,0
KPRX,33.63660,-95.45080,0,0
KPSC,46.26470,-119.11900,0,0
KPSM,43.07790,-70.82330,0,0
KPSP,33.82970,-116.50700,0,0
KPTK,42.66550,-83.42010,0,0
KPUB,38.28910,-104.49700,0,0
KPUW,46.74160,-117.11163,0,0
KPVD,41.72504,-71.42567,0,0
KPVU,40.21889,-111.72244,0,0
KPWK,42.11422,-87.90149,0,0
KPWM,43.64620,-70.30930,0,0
KPWT,47.49020,-122.76500,0,0
KRAL,33.95190,-117.44500,0,0
KRAP,44.04530,-103.05700,0,0
KRBL,40.15070,-122.25200,0,0
KRCA,44.14500,-103.10400,0,1
KRDD,40.50900,-122.29300,0,0
KRDG,40.37850,-75.96520,0,0
KRDM,44.25410,-121.15000,0,0
KRDR,47.96110,-97.40120,0,1
KRDU,35.87866,-78.78730,0,0
KRFD,42.19540,-89.09720,0,0
KRHI,45.63120,-89.46750,0,0
KRHP,35.19520,-83.86300,0,0
KRIC,37.50520,-77.31970,0,0
KRIL,39.52630,-107.72700,0,0
KRIV,33.88070,-117.25900,0,0
KRIW,43.06420,-108.46000,0,0
KRKD,44.06010,-69.09920,0,0
KRKS,41.59420,-109.06500,0,0
KRME,43.23380,-75.40700,0,0
KRMG,34.35060,-85.15800,0,0
KRND,29.52970,-98.27890,0,1
KRNH,45.14830,-92.53810,0,0
KRNO,39.49910,-119.76800,0,0
KROA,37.32550,-79.97540,0,0
KROC,43.11890,-77.67240,0,0
KROW,33.30160,-104.53100,0,0
KRSL,38.87210,-98.81180,0,0
KRST,43.90830,-92.50000,0,0
KRSW,26.53468,-81.75282,0,0
KRUT,43.52940,-72.94960,0,0
KRVS,36.03960,-95.98460,0,0
KRWF,44.54720,-95.08230,0,0
KRWI,35.85630,-77.89190,0,0
KRWL,41.80560,-107.20000,0,0
KRYY,34.01316,-84.59721,0,0
KSAC,38.51250,-121.49300,0,0
KSAF,35.61710,-106.08900,0,0
KSAN,32.73360,-117.19000,0,0
KSAT,29.53370,-98.46980,0,0
KSAV,32.12659,-81.19998,0,0
KSAW,46.35150,-87.39588,0,0
KSBA,34.42620,-119.84000,0,0
KSBD,34.09672,-117.23660,0,0
KSBN,41.70830,-86.31692,0,0
KSBP,35.23680,-120.64200,0,0
KSBY,38.34050,-75.51030,0,0
KSCH,42.85250,-73.92890,0,0
KSCK,37.89328,-121.23808,0,0
KSDF,38.17060,-85.73508,0,0
KSDM,32.57264,-116.98002,0,0
KSDY,47.70514,-104.19442,0,0
KSEA,47.44794,-122.31028,0,0
KSEQ,29.56450,-97.90252,0,1
KSFB,28.77428,-81.23463,0,0
KSFF,47.68290,-117.32192,0,0
KSFO,37.61981,-122.37482,0,0
KSGF,37.24505,-93.38860,0,0
KSGH,39.84030,-83.84020,0,0
KSGJ,29.95920,-81.33980,0,0
KSGR,29.62230,-95.65650,0,0
KSGU,37.03639,-113.51031,0,0
KSHD,38.26380,-78.89640,0,0
KSHR,44.76920,-106.98000,0,0
KSHV,32.44475,-93.82674,0,0
KSJC,37.36245,-121.92919,0,0
KSJT,31.35770,-100.49600,0,0
KSKA,47.61510,-117.65600,0,1
KSKF,29.38420,-98.58110,0,1
KSKX,36.45249,-105.67749,0,0
KSLC,40.78886,-111.97987,0,0
KSLE,44.90950,-123.00300,0,0
KSLI,33.79086,-118.05034,0,0
KSLK,44.38691,-74.20463,0,0
KSLN,38.79100,-97.65220,0,0
KSME,37.05340,-84.61590,0,0
KSMF,38.69540,-121.59100,0,0
KSMN,45.12223,-113.88196,0,0
KSMO,34.01580,-118.45100,0,0
KSMX,34.89890,-120.45700,0,0
KSNA,33.67506,-117.86928,0,0
KSNS,36.66280,-121.60600,0,0
KSNY,41.10130,-102.98500,0,0
KSOA,30.58570,-100.64900,0,0
KSOW,34.26406,-110.00709,0,0
KSPI,39.84410,-89.67790,0,0
KSPS,33.98880,-98.49190,0,1
KSQL,37.51313,-122.25084,0,0
KSRQ,27.39463,-82.55436,0,0
KSRR,33.46280,-105.53500,0,0
KSSC,33.97270,-80.47060,0,1
KSSF,29.33700,-98.47110,0,0
KSSI,31.15180,-81.39130,0,0
KSTC,45.54660,-94.05990,0,0
KSTJ,39.77190,-94.90970,0,0
KSTL,38.74870,-90.37000,0,0
KSTP,44.93479,-93.06004,0,0
KSTS,38.50900,-122.81300,0,0
KSUN,43.50440,-114.29600,0,0
KSUS,38.66210,-90.65200,0,0
KSUU,38.26270,-121.92700,0,1
KSUX,42.39760,-96.38224,0,0
KSUZ,34.59060,-92.47940,0,0
KSVC,32.63670,-108.15474,0,0
KSVN,32.01000,-81.14570,0,0
KSWF,41.50421,-74.10890,0,0
KSWO,36.16213,-97.08558,0,0
KSYR,43.11120,-76.10630,0,0
KSZL,38.73030,-93.54790,0,1
KTBN,37.74160,-92.14070,0,0
KTCC,35.18280,-103.60300,0,0
KTCL,33.22060,-87.61140,0,0
KTCM,47.13770,-122.47600,0,1
KTCS,33.23690,-107.27200,0,0
KTEB,40.85010,-74.06080,0,0
KTEX,37.95380,-107.90800,0,0
KTIK,35.41470,-97.38660,0,1
KTIW,47.26741,-122.57730,0,0
KTIX,28.51480,-80.79920,0,0
KTLH,30.40121,-84.35433,0,0
KTMB,25.64790,-80.43280,0,0
KTOI,31.86040,-86.01210,0,0
KTOL,41.58680,-83.80780,0,0
KTOP,39.06990,-95.62261,0,0
KTPA,27.97550,-82.53320,0,0
KTPH,38.06020,-117.08700,0,0
KTPL,31.15250,-97.40780,0,0
KTRI,36.47520,-82.40740,0,0
KTRK,39.31863,-120.14056,0,0
KTRM,33.62670,-116.16000,0,0
KTTD,45.54940,-122.40100,0,0
KTTN,40.27670,-74.81350,0,0
KTTS,28.61500,-80.69450,0,0
KTUL,36.19708,-95.88622,0,0
KTUP,34.26810,-88.76990,0,0
KTUS,32.11500,-110.93805,0,0
KTVC,44.74140,-85.58220,0,0
KTVF,48.06570,-96.18500,0,0
KTVL,38.89390,-119.99500,0,0
KTWF,42.48180,-114.48800,0,0
KTXK,33.45370,-93.99100,0,0
KTYR,32.35410,-95.40240,0,0
KTYS,35.81100,-83.99400,0,0
KSVR,40.61950,-111.99300,0,0
KUAO,45.24710,-122.77000,0,0
KUIN,39.94270,-91.19460,0,0
KUKI,39.12600,-123.20100,0,0
KUNV,40.84937,-77.84852,0,0
KUOX,34.38430,-89.53680,0,0
KUTS,30.74690,-95.58720,0,0
KUUU,41.53221,-71.28104,0,0
KVAD,30.96780,-83.19300,0,1
KVBG,34.73730,-120.58400,0,0
KVCT,28.85260,-96.91850,0,0
KVEL,40.43621,-109.51166,0,0
KVGT,36.20907,-115.19398,0,0
KVIS,36.31870,-119.39300,0,0
KVLD,30.78250,-83.27670,0,0
KVNY,34.20980,-118.49000,0,0
KVOK,43.93900,-90.25340,0,0
KVPS,30.48131,-86.51584,0,0
KVPZ,41.45400,-87.00710,0,0
KVQQ,30.21870,-81.87670,0,0
KVRB,27.65560,-80.41790,0,0
KVTN,42.85621,-100.54919,0,0
KW63,36.59580,-78.56010,0,0
KWJF,34.74110,-118.21900,0,0
KWMC,40.89660,-117.80600,0,0
KWRB,32.64010,-83.59190,0,1
KWRI,40.01560,-74.59170,0,1
KWRL,43.96570,-107.95100,0,0
KWST,41.34960,-71.80340,0,0
KWWD,39.00850,-74.90830,0,0
KWWR,36.43800,-99.52267,0,0
HKWY,-1.96064,41.29716,0,0
KWYS,44.68840,-111.11800,0,0
KX51,25.49920,-80.55430,0,0
KXMR,28.46760,-80.56660,0,0
KXNA,36.28190,-94.30680,0,0
KXTA,37.23500,-115.81100,0,0
KXWA,48.26086,-103.75116,0,0
KYIP,42.23790,-83.53040,0,0
KYKM,46.56820,-120.54400,0,0
KYKN,42.91670,-97.38590,0,0
KYNG,41.26070,-80.67910,0,0
KZZV,39.94440,-81.89210,0,0
VLBK,20.32399,100.16539,0,0
LAKU,42.03580,20.41596,0,0
LAKV,40.77190,19.90190,0,1
LATI,41.41470,19.72060,0,0
LB42,43.32730,25.00340,0,1
LBBG,42.56992,27.51517,0,0
LBGO,43.15140,25.71290,0,0
LBPD,42.06780,24.85080,0,0
LBPG,42.29040,24.71400,0,1
LBPL,43.45177,24.50242,0,1
LBSF,42.69636,23.41767,0,0
LBWB,43.42380,28.18130,0,0
LBWN,43.23210,27.82510,0,0
LCEN,35.15306,33.50735,0,0
LCGK,35.23591,33.72009,0,1
LCLK,34.87510,33.62490,0,0
LCPH,34.71800,32.48570,0,0
LCRA,34.59040,32.98790,0,1
LDDU,42.56225,18.26554,0,0
LDOS,45.46236,18.81128,0,0
LDPL,44.89350,13.92220,0,0
LDRI,45.21638,14.57085,0,0
LDSB,43.28445,16.67836,0,0
LDSP,43.53890,16.29800,0,0
LDZA,45.74290,16.06880,0,0
LDZD,44.09699,15.35356,0,0
LEAB,38.94850,-1.86352,0,1
LEAL,38.28220,-0.55816,0,0
LEAM,36.84390,-2.37010,0,0
LEAS,43.56360,-6.03462,0,0
LEBA,37.84200,-4.84888,0,0
LEBB,43.30110,-2.91061,0,0
LEBG,42.35760,-3.62076,0,0
LEBL,41.29710,2.07846,0,0
LEBZ,38.89130,-6.82133,0,0
LECH,40.21389,0.07333,0,0
LECO,43.30210,-8.37726,0,0
LECU,40.37070,-3.78514,0,0
LEDA,41.72819,0.53502,0,0
LEGA,37.13320,-3.63569,0,1
LEGE,41.90464,2.76177,0,0
LEGR,37.18870,-3.77736,0,0
LEGT,40.29410,-3.72383,0,1
LEIB,38.87290,1.37312,0,0
LEJR,36.74460,-6.06011,0,0
LELC,37.77500,-0.81239,0,0
LELN,42.59071,-5.65341,0,0
LERJ,42.46095,-2.32224,0,0
LEMD,40.49341,-3.57225,0,0
LEMG,36.67490,-4.49911,0,0
LEMH,39.86260,4.21865,0,0
LEMI,37.80285,-1.12488,0,0
LEMO,37.17490,-5.61594,0,1
LEPA,39.55170,2.73881,0,0
LEPP,42.77000,-1.64633,0,0
LERI,37.95110,-1.23032,0,1
LERL,38.85648,-3.96994,0,0
LERS,41.14751,1.16835,0,0
LERT,36.64520,-6.34946,0,1
LESA,40.95210,-5.50199,0,0
LESO,43.35650,-1.79061,0,0
LEST,42.89630,-8.41514,0,0
LESU,42.33860,1.40917,0,0
LETL,40.41027,-1.21737,0,0
LETO,40.48788,-3.45681,0,1
LEVC,39.48916,-0.48096,0,0
LEVD,41.70610,-4.85194,0,0
LEVT,42.88280,-2.72447,0,0
LEVX,42.23180,-8.62677,0,0
LEXJ,43.42710,-3.82001,0,0
LEZG,41.66620,-1.04155,0,0
LEZL,37.41800,-5.89311,0,0
LFAC,50.96210,1.95476,0,0
LFAG,49.86887,3.02957,0,0
LFAT,50.51828,1.62166,0,0
LFAV,50.32782,3.46106,0,0
LFAY,49.87300,2.38707,0,0
LFBA,44.17417,0.59309,0,0
LFBC,44.53330,-1.12500,0,1
LFBD,44.82865,-0.71536,0,0
LFBE,44.82530,0.51861,0,0
LFBF,43.54560,1.36750,0,1
LFBG,45.65830,-0.31750,0,1
LFBH,46.17920,-1.19528,0,0
LFBI,46.58770,0.30667,0,0
LFBK,46.22260,2.36396,0,0
LFBL,45.86280,1.17944,0,0
LFBM,43.91170,-0.50750,0,1
LFBN,46.31348,-0.39453,0,0
LFBO,43.62910,1.36382,0,0
LFBP,43.38000,-0.41861,0,0
LFBT,43.17870,-0.00644,0,0
LFBU,45.72920,0.22146,0,0
LFBX,45.19810,0.81556,0,0
LFBZ,43.46837,-1.52322,0,0
LFCC,44.35140,1.47528,0,0
LFCG,43.00780,1.10315,0,0
LFCH,44.59640,-1.11083,0,0
LFCI,43.91390,2.11306,0,0
LFCK,43.55630,2.28918,0,0
LFCR,44.40790,2.48267,0,0
LFCY,45.62810,-0.97250,0,0
LFDH,43.68361,0.59975,0,0
LFDN,45.88780,-0.98306,0,0
LFGA,48.10990,7.35901,0,0
LFGJ,47.03896,5.42759,0,0
LFGW,49.12240,5.46905,0,0
LFHO,44.54437,4.37219,0,0
LFJL,48.98210,6.25132,0,0
LFJR,47.56030,-0.31222,0,0
LFKB,42.55270,9.48373,0,0
LFKC,42.53042,8.79298,0,0
LFKF,41.50185,9.09709,0,0
LFKJ,41.92360,8.80292,0,0
LFKS,41.92440,9.40600,0,1
LFLA,47.85020,3.49711,0,0
LFLB,45.63810,5.88023,0,0
LFLC,45.78670,3.16917,0,0
LFLD,47.06016,2.36963,0,0
LFLI,46.19200,6.26839,0,0
LFLL,45.72600,5.09014,0,0
LFLM,46.29513,4.79598,0,0
LFLN,46.41402,4.01418,0,0
LFLO,46.05382,3.99902,0,0
LFLP,45.92895,6.09870,0,0
LFLS,45.36290,5.32937,0,0
LFLU,44.92160,4.96990,0,0
LFLV,46.16969,3.40364,0,0
LFLW,44.89140,2.42194,0,0
LFLX,46.86022,1.72833,0,0
LFLY,45.72795,4.94399,0,0
LFMC,43.38470,6.38714,0,0
LFMD,43.54800,6.95518,0,0
LFMH,45.54060,4.29639,0,0
LFMI,43.52270,4.92384,0,1
LFMK,43.21600,2.30632,0,0
LFML,43.43809,5.21250,0,0
LFMN,43.65840,7.21587,0,0
LFMO,44.14050,4.86672,0,1
LFMP,42.74040,2.87067,0,0
LFMQ,43.25250,5.78519,0,0
LFMS,44.06970,4.14212,0,0
LFMT,43.57620,3.96301,0,0
LFMU,43.32350,3.35390,0,0
LFMV,43.90730,4.90183,0,0
LFMY,43.60640,5.10925,0,1
LFNB,44.50210,3.53282,0,0
LFOA,47.05330,2.63250,0,1
LFOB,49.45440,2.11278,0,0
LFOC,48.05791,1.37931,0,0
LFOE,49.02870,1.21986,0,1
LFOH,49.53404,0.08841,0,0
LFOI,50.14350,1.83189,0,0
LFOJ,47.98780,1.76056,0,1
LFOK,48.77333,4.20611,0,0
LFOP,49.38489,1.17914,0,0
LFOT,47.43220,0.72761,0,0
LFOV,48.03221,-0.74400,0,0
LFPB,48.96228,2.43654,0,0
LFPC,49.25350,2.51914,0,1
LFPG,49.00896,2.55412,0,0
LFPM,48.60470,2.67112,0,0
LFPN,48.75190,2.10619,0,0
LFPO,48.72950,2.35896,0,0
LFPT,49.09606,2.03554,0,0
LFPV,48.77441,2.20310,0,1
LFQB,48.32210,4.01670,0,0
LFQE,49.22690,5.67222,0,1
LFQG,47.00291,3.11311,0,0
LFQP,48.76620,7.20055,0,1
LFQQ,50.56656,3.10243,0,0
LFQT,50.61840,2.64224,0,0
LFQV,49.78390,4.64708,0,0
LFQW,47.63859,6.20444,0,0
LFRB,48.44790,-4.41854,0,0
LFRC,49.65010,-1.47028,0,0
LFRD,48.58770,-2.07996,0,0
LFRE,47.28940,-2.34639,0,0
LFRF,48.88310,-1.56417,0,0
LFRG,49.36524,0.15448,0,0
LFRH,47.76060,-3.44000,0,0
LFRI,46.70190,-1.37863,0,0
LFRJ,48.53030,-4.15164,0,1
LFRK,49.17678,-0.45488,0,0
LFRL,48.28170,-4.44502,0,1
LFRM,47.94860,0.20170,0,0
LFRN,48.06950,-1.73479,0,0
LFRO,48.75440,-3.47166,0,0
LFRQ,47.97303,-4.16965,0,0
LFRS,47.15320,-1.61073,0,0
LFRT,48.53863,-2.85352,0,0
LFRU,48.60320,-3.81578,0,0
LFRV,47.72330,-2.71856,0,0
LFRZ,47.31142,-2.15263,0,0
LFSB,47.60068,7.52112,0,0
LFSD,47.26890,5.09000,0,0
LFSG,48.32500,6.06998,0,0
LFSI,48.63600,4.89942,0,1
LFSL,45.03972,1.48556,0,0
LFSM,47.48700,6.79054,0,0
LFSN,48.69210,6.23046,0,0
LFSO,48.58310,5.95500,0,1
LFST,48.53830,7.62823,0,0
LFSX,47.78775,6.35342,0,1
LFTH,43.09730,6.14603,0,0
LFTW,43.75740,4.41635,0,0
LFVP,46.76265,-56.17499,0,0
LFXA,45.98730,5.32844,0,1
LFXQ,47.94306,-2.18587,0,1
LFYR,47.31754,1.69104,0,1
LGTY,35.06370,24.76740,0,1
LGAD,37.92070,21.29260,0,1
LGAL,40.85590,25.95630,0,0
LGAV,37.93640,23.94450,0,0
LGBL,39.21960,22.79430,0,0
LGEL,38.06380,23.55600,0,1
LGHI,38.34320,26.14060,0,0
LGIO,39.69640,20.82250,0,0
LGIR,35.33970,25.18030,0,0
LGKF,38.12010,20.50050,0,0
LGKL,37.06830,22.02550,0,0
LGKO,36.79452,27.09115,0,0
LGKP,35.42140,27.14600,0,0
LGKR,39.60145,19.91218,0,0
LGKV,40.91330,24.61920,0,0
LGKZ,40.28610,21.84080,0,0
LGLR,39.65025,22.46550,0,1
LGMG,37.98110,23.36540,0,1
LGMK,37.43510,25.34810,0,0
LGMT,39.05741,26.59863,0,0
LGPZ,38.92550,20.76530,0,0
LGRD,36.38310,28.10890,0,1
LGRP,36.40540,28.08620,0,0
LGRX,38.15110,21.42560,0,0
LGSA,35.53121,24.15067,0,0
LGSD,40.53310,23.02530,0,1
LGSK,39.17710,23.50370,0,0
LGSM,37.69000,26.91170,0,0
LGSR,36.40004,25.47864,0,0
LGST,35.21610,26.10130,0,0
LGTG,38.33980,23.56500,0,1
LGTP,37.53060,22.40360,0,1
LGTS,40.51928,22.97001,0,0
LGZA,37.75090,20.88430,0,0
LHBP,47.43018,19.26239,0,0
LHDC,47.48947,21.61628,0,0
LHKE,46.91750,19.74920,0,1
LHPA,47.36360,17.50080,0,1
LHPP,45.98889,18.24204,0,0
LHPR,47.62844,17.80472,0,0
LHSM,46.68639,17.15908,0,0
LHSN,47.12290,20.23550,0,1
LHTA,46.39310,17.91750,0,1
LHTL,47.34530,18.98080,0,0
LIAR,41.99414,12.01354,0,1
LIBA,41.53844,15.71718,0,1
LIBC,38.99720,17.08020,0,0
LIBD,41.13890,16.76060,0,0
LIBF,41.43360,15.53457,0,0
LIBG,40.51750,17.40320,0,0
LIBN,40.23920,18.13330,0,1
LIBP,42.43108,14.18298,0,0
LIBR,40.65760,17.94700,0,0
LIBV,40.76780,16.93330,0,1
LICA,38.90621,16.24601,0,0
LICB,36.99583,14.60889,0,0
LICC,37.46680,15.06640,0,0
LICD,35.49790,12.61810,0,0
LICG,36.81650,11.96890,0,0
LICJ,38.17600,13.09100,0,0
LICP,38.11592,13.31337,0,0
LICR,38.07120,15.65160,0,0
LICT,37.91140,12.48800,0,0
LICZ,37.40170,14.92240,0,1
LIDT,46.02333,11.12500,0,0
LIEA,40.63210,8.29077,0,0
LIED,39.35420,8.97248,0,1
LIEE,39.25150,9.05428,0,0
LIEO,40.89895,9.51846,0,0
LIET,39.91880,9.68298,0,0
LILE,45.49530,8.10278,0,0
LILN,45.74220,8.88823,0,0
LIMA,45.08444,7.60306,0,0
LIMC,45.63060,8.72811,0,0
LIME,45.66936,9.70885,0,0
LIMF,45.20080,7.64963,0,0
LIMG,44.05060,8.12743,0,0
LIMJ,44.41204,8.84073,0,0
LIML,45.44510,9.27674,0,0
LIMN,45.52960,8.66922,0,1
LIMP,44.82635,10.29705,0,0
LIMR,44.78000,8.78639,0,0
LIMS,44.91442,9.72232,0,1
LIMW,45.73855,7.36830,0,0
LIMZ,44.54746,7.62305,0,0
LIPA,46.03190,12.59650,0,1
LIPB,46.45925,11.32612,0,0
LIPC,44.22420,12.30720,0,1
LIPE,44.53540,11.28870,0,0
LIPH,45.64840,12.19440,0,0
LIPI,45.97870,13.04930,0,1
LIPK,44.19480,12.07010,0,0
LIPL,45.43255,10.26861,0,1
LIPO,45.42890,10.33060,0,0
LIPQ,45.82786,13.46667,0,0
LIPR,44.02002,12.61220,0,0
LIPS,45.68438,12.08659,0,1
LIPU,45.39532,11.84712,0,0
LIPX,45.39496,10.88730,0,0
LIPY,43.61630,13.36230,0,0
LIPZ,45.50530,12.35190,0,0
LIQS,43.25494,11.25508,0,0
LIQW,44.08738,9.98788,0,0
LIRA,41.79877,12.59533,0,0
LIRE,41.65450,12.44520,0,1
LIRF,41.80453,12.25200,0,0
LIRG,41.99030,12.74080,0,1
LIRH,41.64854,13.29457,0,1
LIRI,40.62040,14.91130,0,0
LIRJ,42.76087,10.23981,0,0
LIRL,41.54240,12.90900,0,1
LIRM,41.06080,14.08190,0,1
LIRN,40.88600,14.29080,0,0
LIRP,43.68390,10.39270,0,0
LIRQ,43.80856,11.20282,0,0
LIRS,42.75970,11.07190,0,1
LIRU,41.95210,12.50223,0,0
LIRV,42.43530,12.06136,0,0
LIRZ,43.09590,12.51320,0,0
LJCE,45.90000,15.53020,0,1
LJLJ,46.22370,14.45760,0,0
LJMB,46.47990,15.68610,0,0
LJPZ,45.47201,13.61595,0,0
LKCS,48.94817,14.42832,0,0
LKCV,49.93970,15.38180,0,1
LKKB,50.12140,14.54360,0,1
LKKU,49.02940,17.43970,0,0
LKKV,50.20300,12.91500,0,0
LKLN,49.67520,13.27460,0,0
LKMT,49.69630,18.11110,0,0
LKNA,49.16627,16.12398,0,1
LKPD,50.01505,15.73981,0,0
LKPO,49.42580,17.40470,0,1
LKPR,50.10087,14.25991,0,0
LKTB,49.15128,16.69397,0,0
LKVO,50.21660,14.39580,0,0
LL59,31.89790,34.69080,0,1
LLBG,32.01140,34.88670,0,0
LLEK,31.83950,34.82180,0,1
LLER,29.72701,35.01412,0,0
LLHA,32.81022,35.04372,0,0
LLHB,31.23340,34.66260,0,1
LLHS,31.76250,34.72720,0,1
LLIB,32.98100,35.57190,0,0
LLMZ,31.32820,35.38860,0,0
LLNV,31.20830,35.01230,0,1
LLRD,32.66510,35.17950,0,1
LLRM,30.77610,34.66670,0,1
LMML,35.84593,14.49155,0,0
LOAN,47.84330,16.26010,0,0
LOWG,46.99110,15.43960,0,0
LOWI,47.26020,11.34400,0,0
LOWK,46.64250,14.33770,0,0
LOWL,48.23536,14.18813,0,0
LOWS,47.79330,13.00430,0,0
LOWW,48.11030,16.56970,0,0
LOXA,47.53573,14.14149,0,1
LOXN,47.83693,16.22184,0,0
LOXT,48.31925,16.11402,0,1
LOXZ,47.20280,14.74420,0,1
LP77,39.40240,-8.28906,0,1
LPAR,38.88330,-9.03010,0,1
LPAZ,36.97140,-25.17060,0,0
LPBG,41.85780,-6.70713,0,0
LPBJ,38.07890,-7.93240,0,1
LPBR,41.58700,-8.44519,0,0
LPCB,39.84453,-7.43987,0,0
LPCO,40.15876,-8.47081,0,0
LPCS,38.72500,-9.35523,0,0
LPEV,38.53350,-7.88964,0,0
LPFL,39.45530,-31.13140,0,0
LPFR,37.01591,-7.97094,0,0
LPGR,39.09220,-28.02980,0,0
LPHR,38.51990,-28.71590,0,0
LPLA,38.76180,-27.09080,0,0
LPMA,32.69781,-16.77461,0,0
LPMR,39.82834,-8.88750,0,1
LPMT,38.70929,-9.03368,0,1
LPOV,40.91590,-8.64592,0,1
LPPD,37.74120,-25.69790,0,0
LPPI,38.55430,-28.44130,0,0
LPPM,37.14930,-8.58396,0,0
LPPR,41.24810,-8.68139,0,0
LPPS,33.07340,-16.35000,0,0
LPPT,38.78130,-9.13592,0,0
LPSJ,38.66550,-28.17580,0,0
LPSO,39.21155,-8.05779,0,0
LPST,38.83110,-9.33955,0,1
LPTN,39.47510,-8.36458,0,1
LPVL,41.27729,-8.51621,0,0
LPVR,41.27430,-7.72047,0,0
LPVZ,40.72550,-7.88899,0,0
LQBK,44.94140,17.29750,0,0
LQMO,43.28249,17.84610,0,0
LQSA,43.82460,18.33150,0,0
LQTZ,44.45986,18.72363,0,0
LRFT,44.39230,27.72670,0,1
LRBO,45.21640,26.97860,0,1
LRAR,46.17614,21.26432,0,0
LRBC,46.52190,26.91030,0,0
LRBM,47.65844,23.46445,0,0
LRBS,44.50313,26.10294,0,0
LRBV,45.70558,25.52287,0,0
LRCK,44.36220,28.48830,0,0
LRCL,46.78604,23.68573,0,0
LRCS,45.42014,22.25251,0,0
LRCT,46.50230,23.88590,0,1
LRCV,44.31810,23.88860,0,0
LRIA,47.17963,27.62143,0,0
LROD,47.02530,21.90250,0,0
LROP,44.57179,26.10328,0,0
LRSB,45.78584,24.08667,0,0
LRSM,47.70330,22.88570,0,0
LRSV,47.68750,26.35410,0,0
LRTC,45.06250,28.71430,0,0
LRTM,46.46770,24.41250,0,0
LRTR,45.80990,21.33790,0,0
LSGC,47.08390,6.79284,0,0
LSGG,46.23810,6.10895,0,0
LSGR,46.61360,7.67778,0,1
LSGS,46.21917,7.32694,0,0
LSMA,46.94390,8.28417,0,1
LSMD,47.39860,8.64823,0,1
LSME,47.09244,8.30518,0,1
LSPR,46.29590,8.99213,0,1
LSMM,46.74232,8.10892,0,1
LSMP,46.84320,6.91506,0,1
LSZA,46.00430,8.91058,0,0
LSZB,46.91274,7.49882,0,0
LSZG,47.18160,7.41719,0,0
LSZH,47.45806,8.54806,0,0
LSZR,47.48500,9.56077,0,0
LSZS,46.53410,9.88411,0,0
LTAC,40.12810,32.99510,0,0
LTAD,39.94980,32.68860,0,1
LTAE,40.07890,32.56560,0,1
LTAG,37.00210,35.42590,0,1
LTAH,38.72640,30.60110,0,1
LTAI,36.89870,30.80050,0,0
LTAJ,36.94720,37.47870,0,0
LTAL,41.31420,33.79580,0,0
LTAN,37.97900,32.56190,0,0
LTAR,39.81380,36.90350,0,0
LTAS,41.50640,32.08860,0,0
LTAT,38.43530,38.09100,0,0
LTAU,38.77040,35.49540,0,0
LTAV,39.45150,31.36530,0,0
LTAW,40.32472,36.39056,0,0
LTAY,37.78560,29.70130,0,0
LTAZ,38.77190,34.53450,0,0
LTBA,40.97191,28.82371,0,0
LTBF,39.61930,27.92600,0,0
LTBG,40.31800,27.97770,0,0
LTBH,40.13770,26.42680,0,0
LTBI,39.78410,30.58210,0,1
LTBJ,38.29240,27.15700,0,0
LTBK,38.31910,27.15940,0,1
LTBL,38.51300,27.01010,0,1
LTBN,39.42670,30.01690,0,0
LTBO,38.68150,29.47170,0,0
LTBP,40.68628,29.37707,0,1
LTBQ,40.73500,30.08330,0,0
LTBR,40.25520,29.56260,0,0
LTBS,36.71310,28.79250,0,0
LTBT,38.80890,27.83390,0,1
LTBU,41.13820,27.91910,0,0
LTBX,40.99300,29.21650,0,1
LTBY,39.81164,30.51927,0,0
LTCA,38.59797,39.28348,0,0
LTCB,40.96687,38.08599,0,0
LTCC,37.89390,40.20100,0,0
LTCD,39.71020,39.52700,0,0
LTCE,39.95650,41.17020,0,0
LTCF,40.56220,43.11500,0,0
LTCG,40.99510,39.78970,0,0
LTCI,38.46820,43.33230,0,0
LTCJ,37.92900,41.11660,0,0
LTCK,38.74780,41.66120,0,0
LTCL,37.97890,41.84040,0,0
LTCM,42.01831,35.07177,0,0
LTCN,37.53883,36.95352,0,0
LTCO,39.65564,43.02574,0,0
LTCP,37.73140,38.46890,0,0
LTCR,37.22330,40.63170,0,0
LTCS,37.44566,38.89559,0,0
LTCT,39.97663,43.87665,0,0
LTCV,37.36470,42.05820,0,0
LTCW,37.54970,44.23810,0,0
LTDA,36.36079,36.28559,0,0
LTDB,36.89148,35.07124,0,0
LTFC,37.85540,30.36840,0,0
LTFD,39.55253,27.01019,0,0
LTFE,37.24931,27.66401,0,0
LTFG,36.29883,32.29702,0,0
LTFH,41.25399,36.56755,0,0
LTFJ,40.89860,29.30920,0,0
LTFM,41.27487,28.73214,0,0
LTFO,41.17977,40.84880,0,0
LUBL,47.83767,27.78111,0,0
LUBM,47.86270,28.21280,0,1
LUCH,45.84380,28.26370,0,0
LUKK,46.92774,28.93170,0,0
LUTR,46.86810,29.59060,0,0
LWOH,41.18000,20.74230,0,0
LWSK,41.95809,21.62258,0,0
LXGB,36.15168,-5.34978,0,0
BCQ,27.65300,14.27200,0,0
DNF,32.54200,22.74500,0,1
LYBE,44.81840,20.30910,0,0
LYBT,44.93530,20.25750,0,1
LYKV,43.81752,20.58666,0,0
LYNI,43.33654,21.85624,0,0
LYPG,42.35940,19.25190,0,1
LYTV,42.40470,18.72330,0,0
LYUZ,43.89890,19.69770,0,0
ZULA,31.50191,106.03442,0,0
LZIB,48.17020,17.21270,0,0
LZKZ,48.66310,21.24110,0,0
LZMC,48.40200,17.11840,0,1
LZPP,48.62520,17.82840,0,0
LZPW,49.02970,21.31560,0,1
LZSL,48.63780,19.13410,0,0
LZTT,49.07099,20.24139,0,0
LZZI,49.23329,18.61339,0,0
GMMG,32.12489,-7.87789,0,1
MBGT,21.44450,-71.14230,0,0
MBNC,21.91609,-71.94295,0,0
MBPV,21.77370,-72.26832,0,0
MBSC,21.51570,-71.52850,0,0
MDBH,18.25150,-71.12040,0,0
MDCR,17.92900,-71.64480,0,0
MDCY,19.26926,-69.73740,0,0
MDJB,18.57250,-69.98560,0,0
MDLR,18.45222,-68.91111,0,0
MDPC,18.56709,-68.36456,0,0
MDPP,19.75790,-70.57000,0,0
MDSD,18.42970,-69.66890,0,0
MDSI,18.50370,-69.76170,0,1
MDST,19.40406,-70.60443,0,0
MGCB,15.46900,-90.40670,0,0
MGGT,14.58290,-90.52751,0,0
MGPB,15.73090,-88.58380,0,0
MGRB,15.99200,-90.44530,0,0
MGRT,14.52143,-91.69700,0,0
MGSJ,13.93620,-90.83580,0,0
MGMM,16.91371,-89.86614,0,0
MHLC,15.74250,-86.85300,0,0
MHLM,15.45260,-87.92360,0,0
MHNJ,16.44540,-85.90660,0,0
MHRO,16.31680,-86.52300,0,0
MHPR,14.38240,-87.62120,0,0
MHTE,15.77590,-87.47580,0,0
MHTG,14.06090,-87.21720,0,0
MHTJ,15.92660,-85.93857,0,0
MKBS,18.40408,-76.96975,0,0
MKJP,17.93570,-76.78750,0,0
MKJS,18.50342,-77.91323,0,0
MKKJ,18.19880,-76.53450,0,0
MKTP,17.98860,-76.82380,0,0
MMAA,16.75713,-99.75311,0,0
MMAN,25.86560,-100.23700,0,0
MMAS,21.69959,-102.31837,0,0
MMBT,15.77544,-96.26046,0,0
MMCB,18.83392,-99.26182,0,0
MMCC,29.33366,-101.10055,0,0
MMCE,18.65152,-91.79936,0,0
MMCL,24.76504,-107.47523,0,0
MMCM,18.50499,-88.32802,0,0
MMCN,27.39260,-109.83300,0,0
MMCP,19.81597,-90.50012,0,0
MMCS,31.63667,-106.42853,0,0
MMCU,28.70265,-105.96376,0,0
MMCV,23.70330,-98.95650,0,0
MMCY,20.54600,-100.88654,0,0
MMCZ,20.51492,-86.92854,0,0
MMDO,24.12547,-104.52794,0,0
MMEP,21.41983,-104.84247,0,0
MMES,31.79452,-116.60238,0,1
MMGL,20.52334,-103.31011,0,0
MMGM,27.96900,-110.92500,0,0
MMHO,29.09281,-111.05302,0,0
MMIA,19.27700,-103.57700,0,0
MMIO,25.53786,-100.92835,0,0
MMIT,16.44596,-95.09371,0,1
MMJA,19.47511,-96.79701,0,0
MMLC,18.00167,-102.22032,0,0
MMLM,25.68550,-109.08116,0,0
MMLO,20.99270,-101.48028,0,0
MMLP,24.07233,-110.36266,0,0
MMLT,25.98955,-111.34841,0,0
MMMA,25.76990,-97.52530,0,0
MMMD,20.93049,-89.64546,0,0
MMML,32.63063,-115.24281,0,0
MMMM,19.84990,-101.02500,0,0
MMMT,18.10340,-94.58070,0,0
MMMV,26.95570,-101.47000,0,0
MMMX,19.43582,-99.07033,0,0
MMMY,25.77852,-100.10699,0,0
MMMZ,23.16282,-106.26452,0,0
MMNG,31.22576,-110.97693,0,0
MMNL,27.44390,-99.57050,0,0
MMOX,16.99877,-96.72609,0,0
MMPA,20.60270,-97.46080,0,0
MMPB,19.15846,-98.37158,0,0
MMPG,28.62787,-100.53524,0,0
MMPN,19.39670,-102.03900,0,0
MMPR,20.67991,-105.25439,0,0
MMPS,15.87681,-97.08910,0,0
MMQT,20.61878,-100.18645,0,0
MMRX,26.00890,-98.22850,0,0
MMSD,23.15192,-109.72073,0,0
MMSG,27.78412,-105.70247,0,1
MMSL,22.94907,-109.93948,0,0
MMSM,19.74382,-99.01507,0,0
MMSP,22.26203,-100.93569,0,0
MMTB,16.73990,-93.17330,0,1
MMTC,25.56227,-103.40461,0,0
MMTG,16.56161,-93.02573,0,0
MMTJ,32.54104,-116.96998,0,0
MMTL,20.17210,-87.66027,0,0
MMTM,22.29262,-97.86706,0,0
MMTO,19.33690,-99.56583,0,0
MMTP,14.79455,-92.36987,0,0
MMUN,21.04082,-86.87347,0,0
MMVA,17.99428,-92.81820,0,0
MMVR,19.13959,-96.18860,0,0
MMZC,22.89494,-102.68715,0,0
MMZH,17.60177,-101.46063,0,0
MMZO,19.14480,-104.55900,0,0
MMZP,20.74792,-103.46260,0,1
MN13,47.49610,-94.95280,0,1
MNBL,11.99100,-83.77410,0,0
MNMG,12.14150,-86.16820,0,0
MNPC,14.04720,-83.38670,0,0
MPBO,9.34085,-82.25080,0,0
MPCE,7.98784,-80.40984,0,0
MPCH,9.45896,-82.51506,0,0
MPDA,8.38898,-82.43642,0,0
MPEJ,9.35664,-79.86740,0,0
MPMG,8.97334,-79.55560,0,0
MPSA,8.08560,-80.94530,0,0
MPTO,9.07136,-79.38350,0,0
MRAN,10.46931,-84.57907,0,0
MRAO,10.42000,-83.60950,0,0
MRBA,9.16395,-83.33017,0,0
MRBC,10.76870,-83.58560,0,0
MRCC,8.60156,-82.96875,0,0
MRGF,8.65401,-83.18220,0,0
MRGP,10.21720,-83.79700,0,0
MRLB,10.59330,-85.54440,0,0
MRLC,11.03530,-84.70610,0,0
MRLM,9.95796,-83.02200,0,0
MRNS,9.97649,-85.65300,0,0
MROC,9.99386,-84.20880,0,0
MRPJ,8.53333,-83.30000,0,0
MRPM,8.95103,-83.46860,0,0
MRPV,9.95705,-84.13980,0,0
MRQP,9.44316,-84.12980,0,0
MRUP,10.89220,-85.01620,0,0
MSLP,13.44447,-89.05578,0,0
MSSS,13.69950,-89.11990,0,0
MTCA,18.27110,-73.78830,0,0
MTCH,19.72555,-72.20071,0,0
MTJA,18.24110,-72.51850,0,0
MTJE,18.66310,-74.17030,0,0
MTPP,18.58002,-72.29260,0,0
MTPX,19.93405,-72.84801,0,0
MUBA,20.36530,-74.50620,0,0
MUBY,20.39640,-76.62140,0,0
MUCA,22.02710,-78.78960,0,0
MUCC,22.46100,-78.32840,0,0
MUCF,22.15000,-80.41420,0,0
MUCL,21.61650,-81.54600,0,0
MUCM,21.41991,-77.84804,0,0
MUCU,19.97474,-75.83550,0,0
MUGM,19.90650,-75.20710,0,0
MUGT,20.08530,-75.15830,0,0
MUHA,22.98920,-82.40910,0,0
MUHG,20.78515,-76.31553,0,0
MUKW,23.12400,-81.30160,0,0
MUMO,20.65390,-74.92220,0,0
MUMZ,20.28861,-77.08755,0,0
MUNB,22.75651,-81.92074,0,0
MUNG,21.83470,-82.78380,0,0
MUPB,23.03280,-82.57940,0,0
MUSC,22.49222,-79.94312,0,0
MUSJ,22.10053,-84.15738,0,1
MUSN,21.64250,-82.95510,0,0
MUTD,21.78830,-79.99720,0,0
MUVR,23.03440,-81.43530,0,0
MUVT,20.98760,-76.93580,0,0
MWCB,19.68700,-79.88280,0,0
MWCL,19.66016,-80.08883,0,0
MWCR,19.29280,-81.35770,0,0
MMLB,18.02333,-95.85361,0,1
MYAB,24.28770,-77.68460,0,0
MYAF,24.69790,-77.79560,0,0
MYAK,24.15870,-77.58980,0,0
MYAM,26.51071,-77.08426,0,0
MYAN,25.05380,-78.04900,0,0
MYAP,22.44180,-73.97090,0,0
MYAT,26.74530,-77.39130,0,0
MYBC,25.41710,-77.88090,0,0
MYBG,25.73830,-77.84010,0,0
MYBS,25.69990,-79.26470,0,0
MYCA,24.62940,-75.67380,0,0
MYCB,24.31530,-75.45230,0,0
MYCI,22.74560,-74.18240,0,0
MYEF,23.56260,-75.87800,0,0
MYEH,25.47582,-76.68078,0,0
MYEM,25.28470,-76.33100,0,0
MYEN,24.59430,-76.82020,0,0
MYER,24.89165,-76.17760,0,0
MYES,24.16910,-76.43910,0,0
MYGF,26.55800,-78.69558,0,0
MYIG,20.97500,-73.66690,0,0
MYLD,23.17900,-75.09360,0,0
MYLR,23.00993,-74.90485,0,0
MYLS,23.58232,-75.26862,0,0
MYMM,22.37950,-73.01349,0,0
MYNN,25.03900,-77.46620,0,0
MYRD,22.18180,-75.72950,0,0
MYSM,24.06304,-74.52323,0,0
MZBZ,17.53995,-88.30356,0,0
MZPL,16.53696,-88.36151,0,0
NC20,35.08727,-77.16247,0,1
NCRG,-21.20270,-159.80600,0,0
NFFN,-17.76182,177.43784,0,0
NFNA,-18.04423,178.56149,0,0
NFNL,-16.46670,179.34000,0,0
NFTF,-21.24144,-175.14916,0,0
NFTL,-19.77700,-174.34100,0,0
NFTV,-18.58530,-173.96201,0,0
DNPM,4.84611,7.02139,0,1
DNBK,12.47905,4.36913,0,0
NGFU,-8.52388,179.19698,0,0
NGTA,1.38164,173.14700,0,0
NGTE,-1.22447,174.77600,0,0
NIUE,-19.08011,-169.92349,0,0
ZPNL,27.54030,100.75930,0,0
NLWW,-13.23944,-176.19865,0,0
VNPR,28.18380,84.01470,0,0
NSFA,-13.83000,-172.00800,0,0
NSTU,-14.33100,-170.71001,0,0
NTAA,-17.55347,-149.60694,0,0
NTAR,-22.43410,-151.36099,0,0
NTAT,-23.36540,-149.52400,0,0
NTGA,-17.35260,-145.51000,0,0
NTGB,-15.82004,-140.88807,0,0
NTGC,-15.11960,-148.23100,0,0
NTGE,-18.46652,-136.43855,0,0
NTGF,-16.05410,-145.65700,0,0
NTGI,-14.43680,-146.07001,0,0
NTGJ,-23.07990,-134.89000,0,0
NTGK,-15.66330,-146.88500,0,0
NTGM,-16.58390,-143.65801,0,0
NTGT,-14.70950,-145.24600,0,0
NTGU,-15.24830,-146.61700,0,0
NTGV,-14.86810,-148.71700,0,0
NTHE,-14.42810,-146.25700,0,0
NTKR,-14.45580,-145.02499,0,0
NTMD,-8.79560,-140.22900,0,0
NTMN,-9.76879,-139.01100,0,0
NTTB,-16.44440,-151.75101,0,0
NTTG,-14.95430,-147.66100,0,0
NTTH,-16.68708,-151.02159,0,0
NTTM,-17.48979,-149.76178,0,0
NTTO,-18.07480,-140.94600,0,0
NTTP,-16.42650,-152.24400,0,0
NTTR,-16.72290,-151.46600,0,0
NVSQ,-14.21810,167.58701,0,0
NVSS,-15.50500,167.22000,0,0
NVVV,-17.69930,168.32001,0,0
NVVW,-19.45510,169.22400,0,0
NWWA,-21.09641,167.80379,0,0
NWWD,-21.05355,164.83877,0,0
NWWE,-22.58890,167.45599,0,0
NWWL,-20.77456,167.23933,0,0
NWWM,-22.25771,166.47282,0,0
NWWR,-21.48244,168.03847,0,0
NWWU,-20.79013,165.25952,0,0
NWWV,-20.64093,166.57302,0,0
NWWW,-22.01460,166.21300,0,0
NZAA,-37.01199,174.78633,0,0
NZAP,-38.73970,176.08400,0,0
NZAR,-37.02970,174.97301,0,0
NZCH,-43.48903,172.53206,0,0
NZCI,-43.81189,-176.46514,0,0
NZDN,-45.92902,170.19776,0,0
NZGS,-38.66330,177.97800,0,0
NZGT,-43.90670,170.12801,0,0
NZHK,-42.71360,170.98500,0,0
NZHN,-37.86696,175.33195,0,0
NZKK,-35.25915,173.91332,0,0
NZKT,-35.06984,173.28705,0,0
NZLX,-45.21050,169.37111,0,0
NZMC,-43.76500,170.13300,0,0
NZMO,-45.53310,167.64999,0,0
NZMS,-40.97463,175.63454,0,0
NZNP,-39.00860,174.17900,0,0
NZNR,-39.46580,176.86999,0,0
NZNS,-41.29671,173.22432,0,0
NZNV,-46.41240,168.31300,0,0
NZOH,-40.20600,175.38800,0,0
NZOU,-44.97000,171.08200,0,0
NZPM,-40.32060,175.61700,0,0
NZPP,-40.90470,174.98900,0,0
NZQN,-45.01920,168.74638,0,0
NZRO,-38.10920,176.31700,0,0
NZSP,-90.00000,-1.00000,0,0
NZTG,-37.67190,176.19600,0,0
NZTU,-44.30280,171.22501,0,0
NZUK,-44.23500,170.11800,0,0
NZWB,-41.51830,173.87000,0,0
NZWD,-77.86740,167.05701,0,0
NZWF,-44.72209,169.24629,0,0
NZWK,-37.92222,176.91696,0,0
NZWN,-41.32684,174.80686,0,0
NZWO,-39.01186,177.40440,0,0
NZWP,-36.78780,174.63001,0,0
NZWR,-35.76925,174.36371,0,0
NZWS,-41.73711,171.57903,0,0
NZWU,-39.96347,175.02444,0,0
OAHR,34.21000,62.22830,0,0
OAIX,34.94610,69.26500,0,0
OAJL,34.39980,70.49860,0,0
OAKB,34.56590,69.21230,0,0
OAKN,31.50577,65.84796,0,0
OAKS,33.28460,69.80734,0,0
OAMN,35.93080,64.76090,0,0
OAMS,36.70412,67.21046,0,0
OASD,33.39130,62.26100,0,1
OASH,33.92222,69.07794,0,1
OAUZ,36.66510,68.91080,0,0
OBBI,26.26730,50.63764,0,0
OBBS,25.91840,50.59060,0,1
OBKH,26.03453,50.52454,0,1
FGCO,0.91094,9.33027,0,0
OE49,21.43750,39.99420,0,0
OE53,24.94210,46.39120,0,1
OEAD,21.22700,55.26730,0,0
OEAB,18.24040,42.65660,0,0
OEAH,25.28530,49.48520,0,0
OEAO,26.48363,38.11705,0,0
OEBA,20.29851,41.63615,0,0
OEBH,19.98440,42.62090,0,0
OEDF,26.46910,49.79821,0,0
OEDM,24.44990,44.12120,0,0
OEDR,26.26540,50.15200,0,1
OEGN,16.90110,42.58580,0,0
OEGS,26.30280,43.77440,0,0
OEGT,31.41241,37.27890,0,0
OEHL,27.43790,41.68630,0,0
OEJB,27.03900,49.40510,0,0
OEJF,21.34810,39.17300,0,0
OEJN,21.68024,39.15744,0,0
OEKK,27.90090,45.52820,0,1
OEKM,18.29730,42.80350,0,1
OEMA,24.55340,39.70510,0,0
OENG,17.61140,44.41920,0,0
OENN,27.92426,35.29358,0,0
OEPA,28.33573,46.12711,0,0
OEPS,24.06270,47.58050,0,1
OERF,29.62640,43.49060,0,0
OERK,24.95760,46.69880,0,0
OERM,28.07960,48.61100,0,0
OERR,30.90660,41.13820,0,0
OERT,26.72310,50.03080,0,0
OESH,17.46690,47.12140,0,0
OESK,29.78330,40.10090,0,0
OETB,28.37110,36.62486,0,0
OETF,21.48474,40.54407,0,0
OETN,27.86780,48.76910,0,0
OETR,31.69219,38.73154,0,0
OEWD,20.50430,45.19960,0,0
OEWJ,26.19860,36.47640,0,0
OEYN,24.14420,38.06340,0,0
OIAA,30.36789,48.23007,0,0
OIAD,32.43440,48.39760,0,0
OIAG,30.74440,49.67720,0,0
OIAH,30.33387,50.83380,0,0
OIAI,32.00172,49.26860,0,0
OIAM,30.55620,49.15190,0,0
OIAW,31.33640,48.76379,0,0
OIBA,25.87570,55.03300,0,0
OIBB,28.94480,50.83460,0,0
OIBJ,27.82050,52.35220,0,0
OIBK,26.52543,53.98046,0,0
OIBL,26.53228,54.82484,0,0
OIBP,27.37960,52.73770,0,0
OIBQ,29.26050,50.32219,0,0
OIBS,25.90890,54.53940,0,0
OIBV,26.81074,53.35430,0,0
OICC,34.34590,47.15810,0,0
OICI,33.58660,46.40480,0,0
OICK,33.43540,48.28290,0,0
OICS,35.24590,47.00920,0,0
OIFH,32.56717,51.69111,0,1
OIFK,33.89530,51.57700,0,0
OIFM,32.75514,51.88388,0,0
OIFP,32.62110,51.69700,0,1
OIFS,32.29720,50.84220,0,0
OIGG,37.32333,49.61778,0,0
OIHH,34.86642,48.56069,0,0
OIHS,35.21160,48.65340,0,1
OIIC,34.98400,50.80620,0,1
OIID,35.70300,51.47510,0,1
OIIE,35.41610,51.15220,0,0
OIII,35.68917,51.31439,0,0
OIIK,36.24010,50.04710,0,0
OIIP,35.77610,50.82670,0,0
OIKB,27.21830,56.37780,0,0
OIKJ,28.72352,57.67504,0,0
OIKK,30.27128,56.94969,0,0
OIKM,29.08420,58.45000,0,0
OIKQ,26.75464,55.90235,0,0
OIKR,30.29835,56.04898,0,0
OIKY,29.55090,55.67270,0,0
OIMB,32.89652,59.28126,0,0
OIMC,36.50120,61.06490,0,0
OIMM,36.23482,59.64295,0,0
OIMN,37.49300,57.30820,0,0
OIMS,36.16810,57.59520,0,0
OIMT,33.66780,56.89270,0,0
OING,36.90940,54.40130,0,0
OINJ,36.65510,52.34960,0,1
OINN,36.66429,51.46273,0,0
OINR,36.90701,50.68732,0,0
OINZ,36.64441,53.18876,0,0
OISF,28.89180,53.72330,0,0
OISL,27.67470,54.38330,0,0
OISR,27.37270,53.18880,0,0
OISS,29.53920,52.58980,0,0
OISY,30.70224,51.54299,0,0
OITL,38.32570,48.42440,0,0
OITR,37.66810,45.06870,0,0
OITT,38.13390,46.23500,0,0
OITU,39.19129,44.92851,0,0
OITZ,36.77370,48.35940,0,0
OIYY,31.90490,54.27650,0,0
OIZB,31.09830,61.54390,0,0
OIZC,25.44319,60.38217,0,0
OIZH,29.47570,60.90620,0,0
OIZI,27.23610,60.72000,0,0
OJAI,31.72260,35.99320,0,0
OJAM,31.97270,35.99160,0,0
OJAQ,29.61160,35.01810,0,0
OJPH,32.16070,37.14940,0,1
OJHR,32.53920,38.19500,0,1
OJMS,31.82560,36.78200,0,1
OKAJ,28.93480,47.79190,0,1
OKAS,29.34690,47.52012,0,1
OKKK,29.22449,47.96981,0,0
OLBA,33.81983,35.48744,0,0
OLKA,34.58930,36.01130,0,1
OLRA,33.85080,35.98770,0,1
OODQ,19.50194,57.63417,0,0
OOMN,23.64056,57.48750,0,0
OMAW,24.52679,54.97481,0,1
OMAA,24.44097,54.64924,0,0
OMAD,24.42706,54.45987,0,0
OMAL,24.26170,55.60920,0,0
OMAM,24.24820,54.54770,0,1
OMBY,24.28361,52.58028,0,0
OMDB,25.24979,55.37099,0,0
OMDM,25.02680,55.36620,0,1
OMDW,24.89617,55.16235,0,0
OMFJ,25.10841,56.32806,0,0
OMRK,25.61350,55.93880,0,0
OMSJ,25.32860,55.51720,0,0
OO42,16.99040,53.35880,0,1
OOIZ,22.89263,57.75909,0,1
OOKB,26.17100,56.24060,0,0
OOMA,20.67540,58.89050,0,0
OOMS,23.60022,58.28527,0,0
OOSA,17.03870,54.09130,0,0
OOSH,24.38604,56.62541,0,0
OOTH,17.66600,54.02460,0,1
OP12,27.84650,65.16000,0,0
OP24,32.60140,73.50840,0,1
OPBW,29.34810,71.71800,0,0
OPCH,35.88621,71.79992,0,0
OPDG,29.96100,70.48590,0,0
OPDI,31.90940,70.89660,0,0
OPFA,31.36492,72.99532,0,0
OPGW,25.29673,62.49882,0,0
OPGT,35.91880,74.33360,0,0
OPIS,33.54900,72.82566,0,0
OPJA,28.28420,68.44970,0,1
OPKC,24.90650,67.16080,0,0
OPLA,31.52160,74.40360,0,0
OPMA,33.05010,73.63840,0,0
OPMI,32.56310,71.57070,0,1
OPMJ,27.33520,68.14310,0,0
OPMK,25.68250,69.07280,0,1
OPMR,24.89360,66.93880,0,1
OPMS,33.86910,72.40090,0,1
OPMT,30.20320,71.41910,0,0
OPNH,26.21940,68.39010,0,0
OPPG,26.95450,64.13250,0,0
OPPI,25.29050,63.34510,0,0
OPPS,33.99390,71.51460,0,0
OPQS,33.56020,73.03320,0,1
OPQT,30.25140,66.93780,0,0
OPRK,28.38390,70.27960,0,0
OPRN,33.61670,73.09920,0,0
OPRQ,30.75810,72.28250,0,1
OPRS,34.08110,71.97260,0,1
OPRT,33.84970,73.79810,0,0
OPSD,35.33866,75.53865,0,0
OPSF,24.87420,67.11850,0,1
OPSK,27.72200,68.79170,0,0
OPSN,26.47310,67.71720,0,0
OPSR,32.04860,72.66500,0,1
OPSS,34.81360,72.35280,0,0
OPST,32.53594,74.36462,0,0
OPSU,28.64510,69.17690,0,0
OPTU,25.98477,63.02886,0,0
OPZB,31.35840,69.46360,0,0
ORAA,33.78560,42.44120,0,1
ORAT,33.33810,43.59710,0,1
ORBD,33.94020,44.36160,0,0
ORBI,33.26250,44.23460,0,1
ORBM,36.30580,43.14740,0,0
ORER,36.23605,43.94662,0,0
ORKK,35.46950,44.34890,0,0
ORMM,30.54910,47.66210,0,0
ORNI,31.99112,44.40502,0,0
ORQW,35.76720,43.12510,0,0
ORSH,34.67320,43.54300,0,0
ORSJ,35.56049,45.31514,0,0
ORTF,36.28310,42.40300,0,0
ORTI,33.52390,44.25670,0,0
ORTL,30.93580,46.09010,0,1
ORUB,32.48200,45.75710,0,0
OS57,35.73220,37.10420,0,1
OS58,35.11820,36.71120,0,1
OS60,32.70520,36.41290,0,1
OS61,33.60960,36.74900,0,1
OS62,36.09670,37.93650,0,1
OS63,33.28650,36.45740,0,1
OS64,33.91900,36.86660,0,1
OS65,34.49030,36.90900,0,1
OS66,36.18710,37.58320,0,1
OS68,33.68240,37.21390,0,1
OS69,33.07730,36.55821,0,1
OS70,34.56910,36.57280,0,1
OS71,36.52160,37.04150,0,1
OS72,34.52260,37.62990,0,1
OSAP,36.18126,37.22687,0,0
OSDI,33.41150,36.51560,0,0
OSDZ,35.28540,40.17600,0,0
OSKL,37.02060,41.19140,0,0
OSLK,35.40110,35.94870,0,0
OSPR,34.55740,38.31690,0,0
OTBD,25.25943,51.56553,0,0
OTBH,25.11730,51.31500,0,1
OTHH,25.27306,51.60806,0,0
OY74,13.17470,44.76510,0,1
OYAA,12.82956,45.02998,0,0
OYAT,14.55130,46.82620,0,0
OYGD,16.19334,52.17419,0,0
OYHD,14.75204,42.97597,0,0
OYRN,14.66224,49.37529,0,0
OYSN,15.47630,44.21970,0,0
OYSQ,12.63209,53.90617,0,0
OYSY,15.96589,48.78815,0,0
OYTZ,13.68600,44.13910,0,0
PAAQ,61.59490,-149.08901,0,0
PABA,70.13400,-143.58200,0,0
PABE,60.77980,-161.83800,0,0
PABI,63.99450,-145.72200,0,0
PABR,71.28540,-156.76601,0,0
PABV,61.41650,-149.50700,0,0
PACD,55.20787,-162.72503,0,0
PACL,64.29974,-149.11743,0,0
PACV,60.49180,-145.47800,0,0
PACZ,61.78030,-166.03900,0,0
PADE,66.06890,-162.76691,0,0
PADK,51.88356,-176.64278,0,0
PADL,59.04470,-158.50500,0,0
PADQ,57.75000,-152.49400,0,0
PADU,53.89881,-166.54500,0,0
PAED,61.25171,-149.80710,0,1
PAEH,58.64640,-162.06300,0,0
PAEI,64.66570,-147.10200,0,1
PAEM,62.78610,-164.49100,0,0
PAEN,60.57095,-151.24517,0,0
PAFA,64.81510,-147.85600,0,0
PAFB,64.83750,-147.61400,0,0
PAFE,56.96131,-133.91020,0,0
PAFM,67.10553,-157.85534,0,0
PAGA,64.73620,-156.93700,0,0
PAGK,62.15586,-145.45466,0,0
PAGM,63.76769,-171.73330,0,0
PAGS,58.42530,-135.70700,0,0
PAGZ,65.40210,-161.28101,0,1
PAHC,62.18830,-159.77499,0,0
PAHL,65.69790,-156.35100,0,0
PAHN,59.24392,-135.52392,0,0
PAHO,59.64446,-151.47923,0,0
PAII,58.18439,-157.37487,0,0
PAIK,66.97613,-160.43901,0,0
PAIL,59.75440,-154.91100,0,0
PAIM,65.99280,-153.70399,0,0
PAJN,58.35493,-134.57442,0,0
PAKN,58.67784,-156.65196,0,0
PAKO,52.94155,-168.84948,0,1
PAKP,68.13360,-151.74300,0,0
PAKT,55.35560,-131.71400,0,0
PAKW,55.57920,-133.07600,0,0
PALU,68.87510,-166.11000,0,0
PAMC,62.95290,-155.60600,0,0
PAMR,61.21279,-149.84399,0,0
PAMY,60.37234,-166.26975,0,0
PANC,61.17900,-149.99256,0,0
PANI,61.58160,-159.54300,0,0
PANN,64.54877,-149.07452,0,0
PANT,55.03766,-131.57261,0,0
PANV,62.64670,-160.19099,0,0
PAOM,64.51220,-165.44501,0,0
PAOR,62.96130,-141.92900,0,0
PAOT,66.88470,-162.59900,0,0
PAPB,56.57735,-169.66382,0,0
PAPC,65.25370,-166.85899,0,0
PAPG,56.80170,-132.94501,0,0
PAPH,56.95789,-158.63022,0,0
PAPM,59.01767,-161.82793,0,0
PAQT,70.21000,-151.00600,0,0
PARC,68.11470,-145.57899,0,0
PARY,64.72720,-155.47000,0,0
PASA,63.68640,-170.49300,0,0
PASC,70.19470,-148.46500,0,0
PASD,55.31391,-160.52210,0,0
PASI,57.04710,-135.36200,0,0
PASN,57.16631,-170.22255,0,0
PASV,61.09740,-155.57401,0,0
PASX,60.47494,-151.03847,0,0
PASY,52.71230,174.11400,0,1
PATK,62.32050,-150.09399,0,0
PATL,62.89440,-155.97701,0,0
PATQ,70.46704,-157.43601,0,0
PAUN,63.88840,-160.79900,0,0
PAVD,61.13271,-146.24657,0,0
PAWD,60.13048,-149.41861,0,0
PAWG,56.48430,-132.37000,0,0
PAWI,70.63800,-159.99499,0,0
PAWS,61.57170,-149.53999,0,0
PAWT,70.61389,-159.86334,0,1
PAYA,59.50872,-139.66044,0,0
PCIS,-2.76812,-171.71001,0,0
PFYU,66.57165,-145.24999,0,0
PGRO,14.17327,145.24110,0,0
PGSN,15.11938,145.72885,0,0
PGUA,13.58400,144.93000,0,1
PGUM,13.48500,144.79728,0,0
PGWT,14.99921,145.61936,0,0
PHBK,22.02280,-159.78500,0,0
PHHN,20.79560,-156.01401,0,0
PHIK,21.33528,-157.94833,0,1
PHJH,20.96290,-156.67300,0,0
PHJR,21.30740,-158.07001,0,0
PHKO,19.73878,-156.04560,0,0
PHLI,21.97439,-159.33715,0,0
PHMK,21.15290,-157.09599,0,0
PHMU,20.00130,-155.66800,0,0
PHNG,21.45050,-157.76800,0,0
PHNL,21.31839,-157.92567,0,0
PHNY,20.78568,-156.95132,0,0
PHOG,20.89626,-156.43184,0,0
PHTO,19.72135,-155.04543,0,0
PKMJ,7.06511,171.27166,0,0
PKWA,8.72012,167.73199,0,0
EPPG,52.23500,16.24300,0,1
PLCH,1.98628,-157.35001,0,0
PMDY,28.20170,-177.38100,0,0
PPIZ,69.73290,-163.00501,0,0
PTKK,7.46187,151.84300,0,0
PTPN,6.98508,158.20992,0,0
PTRO,7.36697,134.54408,0,0
PTSA,5.35698,162.95799,0,0
PTYA,9.49891,138.08299,0,0
PWAK,19.28244,166.63664,0,0
RCAY,22.78250,120.26300,0,1
RCBS,24.42790,118.35900,0,0
RCDC,22.67258,120.46171,0,1
RCFG,26.15966,119.95838,0,0
RCFN,22.75486,121.10179,0,0
RCKH,22.57710,120.35000,0,0
RCKU,23.46258,120.39054,0,0
RCKW,22.04110,120.73000,0,0
RCLY,22.02700,121.53500,0,0
RCMQ,24.26470,120.62100,0,1
RCMT,26.22414,120.00268,0,0
RCNN,22.95040,120.20600,0,1
RCPO,24.81800,120.93900,0,1
RCQC,23.56870,119.62800,0,0
RCQS,22.79310,121.18200,0,1
RCSQ,22.70020,120.48200,0,1
RCSS,25.06724,121.55282,0,0
RCTP,25.07770,121.23300,0,0
RCYU,24.02316,121.61799,0,0
RJAA,35.76858,140.38871,0,0
RJAF,36.16680,137.92300,0,0
RJAH,36.18146,140.41443,0,0
RJAM,24.28970,153.97900,0,1
RJAW,24.78415,141.32261,0,1
RJBB,34.42730,135.24400,0,0
RJBD,33.66220,135.36400,0,0
RJBE,34.63280,135.22400,0,0
RJBT,35.51280,134.78700,0,0
RJCB,42.73330,143.21700,0,0
RJCC,42.77475,141.69041,0,0
RJCH,41.77000,140.82201,0,0
RJCJ,42.79450,141.66600,0,1
RJCK,43.04100,144.19299,0,0
RJCM,43.88060,144.16400,0,0
RJCN,43.57750,144.96001,0,0
RJCO,43.11745,141.38134,0,0
RJCS,43.42515,144.74135,0,0
RJCT,42.89050,143.15801,0,0
RJCW,45.40420,141.80099,0,0
RJCY,42.24596,140.26573,0,1
RJDA,32.48250,130.15900,0,0
RJDB,33.74900,129.78500,0,0
RJDC,33.93000,131.27901,0,0
RJDT,34.28490,129.33099,0,0
RJDU,32.92805,129.93417,0,1
RJEB,44.30390,143.40401,0,0
RJEC,43.67080,142.44701,0,0
RJEO,42.07170,139.43300,0,0
RJER,45.24200,141.18600,0,0
RJFA,33.88310,130.65300,0,1
RJFC,30.38560,130.65900,0,0
RJFE,32.66630,128.83299,0,0
RJFF,33.58590,130.45100,0,0
RJFG,30.60510,130.99100,0,0
RJFK,31.80340,130.71899,0,0
RJFM,31.87720,131.44900,0,0
RJFN,32.08360,131.45100,0,1
RJFO,33.47940,131.73700,0,0
RJFR,33.84590,131.03500,0,0
RJFS,33.14970,130.30200,0,0
RJFT,32.83730,130.85500,0,0
RJFU,32.91690,129.91400,0,0
RJFY,31.36672,130.83881,0,1
RJFZ,33.68500,131.03999,0,1
RJGG,34.85840,136.80499,0,0
RJKA,28.43060,129.71300,0,0
RJKB,27.43160,128.70556,0,0
RJKI,28.32130,129.92799,0,0
RJKN,27.83638,128.88136,0,0
RJNA,35.25576,136.92409,0,1
RJNF,36.14280,136.22400,0,0
RJNG,35.39410,136.86999,0,0
RJNH,34.75020,137.70300,0,1
RJNK,36.39341,136.40689,0,1
RJNO,36.17839,133.32357,0,0
RJNS,34.79502,138.19098,0,0
RJNT,36.64842,137.18736,0,0
RJNW,37.29310,136.96201,0,0
RJNY,34.81280,138.29800,0,1
RJOA,34.43610,132.91901,0,0
RJOB,34.75690,133.85500,0,0
RJOC,35.41360,132.89000,0,0
RJOF,34.03475,131.54872,0,0
RJOH,35.49220,133.23599,0,1
RJOI,34.14633,132.24724,0,0
RJOK,33.54522,133.67017,0,0
RJOM,33.82689,132.70011,0,0
RJOO,34.78085,135.44083,0,0
RJOR,35.53006,134.16502,0,0
RJOS,34.13256,134.60782,0,1
RJOT,34.21496,134.01545,0,0
RJOW,34.67640,131.78999,0,0
RJOY,34.59630,135.60300,0,0
RJSA,40.73378,140.68948,0,0
RJSC,38.41190,140.37100,0,0
RJSD,38.06020,138.41400,0,0
RJSF,37.22740,140.43100,0,0
RJSH,40.55118,141.46543,0,1
RJSI,39.42860,141.13500,0,0
RJSK,39.61560,140.21899,0,0
RJSM,40.70320,141.36800,0,1
RJSN,37.95417,139.11219,0,0
RJSR,40.19190,140.37100,0,0
RJSS,38.13970,140.91701,0,0
RJST,38.40490,141.22000,0,1
RJSY,38.81220,139.78700,0,0
RJTA,35.45460,139.45000,0,1
RJTE,34.98710,139.82899,0,1
RJTF,35.67170,139.52800,0,0
RJTH,33.11484,139.78564,0,0
RJTJ,35.84190,139.41100,0,1
RJTK,35.39830,139.91000,0,0
RJTL,35.79890,140.01100,0,1
RJTO,34.78200,139.36000,0,0
RJTQ,34.07360,139.56000,0,0
RJTT,35.54968,139.78696,0,0
RJTU,36.51450,139.87101,0,0
RJTY,35.74850,139.34801,0,1
RKJB,34.99141,126.38281,0,0
RKJJ,35.12317,126.80544,0,0
RKJK,35.90380,126.61600,0,1
RKJM,34.75898,126.38032,0,1
RKJU,35.87829,127.11894,0,1
RKJY,34.84230,127.61700,0,0
RKNN,37.75360,128.94392,0,0
RKNW,37.43711,127.96005,0,1
RKNY,38.06048,128.66982,0,0
RKPC,33.51206,126.49255,0,0
RKPD,33.39960,126.71200,0,0
RKPE,35.14025,128.69623,0,1
RKPK,35.17950,128.93800,0,0
RKPS,35.08859,128.07175,0,1
RKPU,35.59350,129.35201,0,0
RKSG,36.96236,127.03113,0,0
RKSI,37.46910,126.45100,0,0
RKSM,37.44474,127.11272,0,1
RKSO,37.09146,127.02945,0,1
RKSS,37.55830,126.79100,0,0
RKSW,37.23940,127.00700,0,0
RKTH,35.98795,129.42038,0,0
RKTI,37.03024,127.88635,0,1
RKTN,35.89439,128.65699,0,0
RKTP,36.70400,126.48600,0,1
RKTU,36.71556,127.50029,0,1
RKTY,36.63037,128.34971,0,1
ROAH,26.19244,127.63980,0,0
RODE,26.72595,127.76522,0,1
RODN,26.35167,127.76944,0,1
ROIG,24.39639,124.24500,0,0
ROKJ,26.36344,126.71384,0,0
ROMD,25.84650,131.26300,0,0
ROMY,24.78280,125.29500,0,0
RORE,26.72254,127.78680,0,0
RORK,25.94470,131.32700,0,0
RORS,24.82670,125.14500,0,0
RORT,24.65379,124.67545,0,0
RORY,27.04385,128.40165,0,0
ROTM,26.27430,127.75600,0,1
ROYN,24.46730,122.97983,0,0
RPLB,14.79483,120.27188,0,1
RPLC,15.18600,120.56000,0,1
RPLH,18.18239,121.74622,0,0
RPLI,18.17509,120.53101,0,0
RPLK,13.11191,123.67683,0,0
RPLL,14.50860,121.02000,0,0
RPLQ,15.31768,120.42289,0,1
RPLS,14.49540,120.90400,0,1
RPLT,20.72252,121.80997,0,0
RPLU,13.85540,120.10500,0,0
RPMA,6.36790,124.75243,0,0
RPMB,6.10548,125.23488,0,1
RPMC,7.16475,124.20994,0,0
RPMD,7.12552,125.64600,0,0
RPME,8.95150,125.47880,0,0
RPMF,8.19505,126.32102,0,0
RPMG,8.60198,123.34188,0,0
RPMH,9.25389,124.70911,0,0
RPMJ,6.05367,121.01100,0,0
RPMN,5.04820,119.74334,0,0
RPMO,8.17851,123.84200,0,0
RPMP,7.82563,123.45964,0,0
RPMQ,6.94909,126.27368,0,0
RPMR,6.05721,125.09624,0,0
RPMS,9.75584,125.48095,0,0
RPMW,9.07200,126.17132,0,0
RPMY,8.61220,124.45650,0,0
RPMZ,6.92242,122.06000,0,0
RPSP,9.57305,123.77014,0,0
RPUB,16.37503,120.61995,0,0
RPUD,14.12920,122.98000,0,0
RPUF,14.98724,120.49255,0,1
RPUH,12.36150,121.04700,0,0
RPUL,13.95500,121.12500,0,1
RPUM,13.20805,120.60546,0,0
RPUN,13.58490,123.27000,0,0
RPUO,20.45130,121.98000,0,0
RPUR,15.72931,121.50003,0,0
RPUS,16.59560,120.30300,0,0
RPUT,17.64337,121.73315,0,0
RPUV,13.57640,124.20600,0,0
RPUW,13.36100,121.82600,0,0
RPUY,16.92990,121.75300,0,0
RPVA,11.22776,125.02778,0,0
RPVB,10.77624,123.01888,0,0
RPVC,12.07257,124.54508,0,0
RPVD,9.33418,123.30191,0,0
RPVE,11.92450,121.95400,0,0
RPVF,12.50161,124.63526,0,0
RPVI,10.83302,122.49336,0,0
RPVJ,12.36968,123.63009,0,0
RPVK,11.67940,122.37600,0,0
RPVM,10.30926,123.97974,0,0
RPVO,11.05771,124.56562,0,0
RPVP,9.74204,118.75911,0,1
RPVR,11.59770,122.75200,0,0
RPVS,10.76664,121.93251,0,0
RPVU,12.31100,122.08500,0,0
RPVV,12.12186,120.10080,0,0
OERS,25.62797,37.08891,0,0
NOI,44.96290,37.99907,0,1
UUMB,55.61169,36.65000,0,1
ULOL,56.38107,30.60785,0,0
TYA,54.23900,37.60000,0,1
LNX,54.82400,32.02500,0,0
URKE,46.68000,38.21000,0,0
ULLK,58.62500,31.38500,0,1
OESN,24.46526,46.65928,0,1
SAAC,-31.29690,-57.99660,0,0
SAAG,-33.00557,-58.61283,0,0
SAAI,-35.35330,-57.29000,0,1
SAAP,-31.79480,-60.48040,0,0
SAAR,-32.90360,-60.78500,0,0
SAAV,-31.71170,-60.81170,0,0
SABE,-34.55942,-58.41554,0,0
SACE,-31.44422,-64.28338,0,1
SACO,-31.31235,-64.20833,0,0
SADF,-34.45320,-58.58960,0,0
SADL,-34.97220,-57.89470,0,0
SADO,-34.53440,-58.67170,0,1
SADP,-34.60990,-58.61260,0,0
SAEZ,-34.82220,-58.53580,0,0
SAHS,-37.39060,-68.90420,0,0
SAHZ,-38.97550,-70.11360,0,0
SAME,-32.83170,-68.79290,0,0
SAMM,-35.49360,-69.57430,0,0
SAMR,-34.58830,-68.40390,0,0
SANC,-28.59312,-65.75120,0,0
SANE,-27.76556,-64.31000,0,0
SANL,-29.38160,-66.79580,0,0
SANR,-27.49660,-64.93595,0,0
SANT,-26.83740,-65.10420,0,0
SANU,-31.57150,-68.41820,0,0
SAOC,-33.08510,-64.26130,0,0
SAOD,-31.94520,-65.14630,0,0
SAOR,-33.72990,-65.38740,0,0
SAOU,-33.27320,-66.35640,0,0
SAOV,-32.32010,-63.22663,0,0
SARC,-27.44550,-58.76190,0,0
SARE,-27.44991,-59.05613,0,0
SARF,-26.21270,-58.22810,0,0
SARI,-25.73730,-54.47340,0,0
SARL,-29.68940,-57.15210,0,0
SARM,-30.27190,-57.64020,0,0
SARP,-27.38580,-55.97070,0,0
SASA,-24.85600,-65.48620,0,0
SASJ,-24.39280,-65.09780,0,0
SASO,-23.15280,-64.32920,0,0
SAST,-22.61688,-63.79301,0,0
SATG,-29.10580,-59.21890,0,0
SATR,-29.21028,-59.68333,0,0
SATU,-29.77060,-57.97890,0,0
SAVB,-41.94320,-71.53230,0,0
SAVC,-45.78694,-67.46336,0,0
SAVE,-42.90800,-71.13950,0,0
SAVH,-46.53852,-68.96532,0,0
SAVT,-43.21050,-65.27030,0,0
SAVV,-40.86920,-63.00040,0,0
SAVY,-42.75920,-65.10270,0,0
SAWC,-50.28027,-72.05340,0,0
SAWD,-47.73530,-65.90410,0,0
SAWE,-53.77770,-67.74940,0,0
SAWG,-51.60879,-69.30895,0,0
SAWH,-54.84330,-68.29580,0,0
SAWJ,-49.30682,-67.80260,0,0
SAWP,-46.53790,-70.97870,0,0
SAWU,-50.01650,-68.57920,0,0
SAYJ,-62.23830,-58.66660,0,1
SAZB,-38.72500,-62.16930,0,0
SAZG,-35.69620,-63.75830,0,0
SAZH,-38.38690,-60.32970,0,0
SAZL,-36.54230,-56.72180,0,0
SAZM,-37.93420,-57.57330,0,0
SAZN,-38.94900,-68.15570,0,0
SAZO,-38.49075,-58.81634,0,0
SAZP,-35.84460,-61.85760,0,0
SAZR,-36.58830,-64.27570,0,0
SAZS,-41.15120,-71.15750,0,0
SAZT,-37.23463,-59.22865,0,0
SAZV,-37.23540,-57.02920,0,0
SAZW,-38.93970,-69.26460,0,0
SAZY,-40.07540,-71.13730,0,0
SBAA,-8.34835,-49.30150,0,0
SBAC,-4.56890,-37.80513,0,0
SBAE,-22.16076,-49.07032,0,0
SBAF,-22.87510,-43.38470,0,0
SBAN,-16.22920,-48.96430,0,1
SBAQ,-21.81200,-48.13300,0,0
SBAR,-10.98394,-37.07287,0,0
SBAT,-9.86639,-56.10630,0,0
SBAU,-21.14148,-50.42457,0,0
SBAX,-19.56320,-46.96040,0,0
SBBE,-1.37928,-48.47621,0,0
SBBG,-31.39050,-54.11220,0,0
SBBH,-19.85074,-43.95032,0,0
SBBI,-25.40510,-49.23200,0,0
SBBQ,-21.26720,-43.76101,0,0
SBBR,-15.86917,-47.92083,0,0
SNBA,-20.58463,-48.59412,0,0
SBBV,2.84615,-60.69065,0,0
SBBW,-15.86142,-52.38901,0,0
SSBZ,-22.77088,-41.96308,0,0
SBCA,-25.00032,-53.50121,0,0
SBCC,-9.33394,-54.96540,0,0
SBCF,-19.63571,-43.96693,0,0
SBCG,-20.47000,-54.67399,0,0
SBCH,-27.13420,-52.65660,0,0
SBCI,-7.32044,-47.45870,0,0
SBCJ,-6.11784,-50.00337,0,0
SSIM,-28.72574,-49.42448,0,0
SBCO,-29.94593,-51.14441,0,1
SBCP,-21.69830,-41.30170,0,0
SBCR,-19.01193,-57.67277,0,0
SBCT,-25.52850,-49.17580,0,0
SSCV,-17.65230,-39.25310,0,0
SBCX,-29.19718,-51.18765,0,0
SBCY,-15.65290,-56.11670,0,0
SBCZ,-7.59991,-72.76950,0,0
SBDN,-22.17510,-51.42460,0,0
SBEG,-3.03861,-60.04970,0,0
SBEK,-6.23316,-57.77690,0,0
SBFI,-25.59417,-54.48944,0,0
SBFL,-27.67028,-48.55250,0,0
SBFN,-3.85453,-32.42302,0,0
SBFZ,-3.77583,-38.53222,0,0
SBGL,-22.81000,-43.25056,0,0
SBGM,-10.78641,-65.28486,0,0
SBGO,-16.63200,-49.22070,0,0
SBGR,-23.43127,-46.46995,0,0
SBGV,-18.89588,-41.98287,0,0
SBGW,-22.79160,-45.20480,0,0
SBHT,-3.25314,-52.25394,0,0
SBIC,-3.12654,-58.48167,0,0
SBIH,-4.24213,-56.00065,0,0
SBIL,-14.81593,-39.03346,0,0
SBIP,-19.47070,-42.48760,0,0
SBIZ,-5.53129,-47.46000,0,0
SBJE,-2.90643,-40.35734,0,0
SBJF,-21.79148,-43.38607,0,0
SBJH,-23.42689,-47.16566,0,0
SBJP,-7.14869,-34.95055,0,0
SBJR,-22.98677,-43.37219,0,0
SBJV,-26.22450,-48.79740,0,0
SBKG,-7.26966,-35.89606,0,0
SBKP,-23.00740,-47.13450,0,0
SBLJ,-27.78210,-50.28150,0,0
SWXQ,-21.66349,-49.72995,0,0
SBLO,-23.33438,-51.12837,0,0
SBLP,-13.26210,-43.40810,0,0
SBLS,-19.66175,-43.89740,0,1
SBMA,-5.36859,-49.13800,0,0
SWIQ,-13.54910,-48.19530,0,0
SBMD,-0.88984,-52.60220,0,0
SBME,-22.34300,-41.76600,0,0
SBMG,-23.47606,-52.01619,0,0
SBMK,-16.70692,-43.81890,0,0
SBML,-22.19690,-49.92648,0,0
SBMN,-3.14604,-59.98630,0,1
SBMO,-9.51256,-35.79184,0,0
SBMQ,0.05066,-51.07220,0,0
SBMS,-5.20192,-37.36430,0,0
SBMT,-23.50910,-46.63780,0,0
SBMY,-5.81138,-61.27830,0,0
SBNF,-26.87943,-48.65098,0,0
SBNM,-28.28250,-54.16962,0,0
SBNT,-5.91142,-35.24770,0,1
SBOI,3.85412,-51.79706,0,0
SBPA,-29.99398,-51.16748,0,0
SBPB,-2.89375,-41.73200,0,0
SBPC,-21.84253,-46.56977,0,0
SBPF,-28.24398,-52.32777,0,0
SBPG,-25.18448,-50.14382,0,0
SBPJ,-10.29150,-48.35700,0,0
SBPK,-31.71719,-52.32780,0,0
SBPL,-9.36242,-40.56910,0,0
SDPE,-10.71940,-48.39970,0,0
SBPP,-22.54960,-55.70260,0,0
SBPS,-16.43843,-39.08058,0,0
SBPV,-8.70849,-63.90234,0,0
SBRB,-9.86903,-67.89398,0,0
SBRD,-16.58429,-54.72480,0,0
SBRF,-8.12747,-34.92296,0,0
SBRJ,-22.91040,-43.16282,0,0
SBRP,-21.13431,-47.77405,0,0
SBSC,-22.93240,-43.71910,0,1
SBSG,-5.76982,-35.36661,0,0
SBSJ,-23.22920,-45.86150,0,0
SBSL,-2.58639,-44.23501,0,0
SBSM,-29.71140,-53.68820,0,0
SBSN,-2.42242,-54.79306,0,0
SBSP,-23.62766,-46.65460,0,0
SBSR,-20.81711,-49.40696,0,0
SBST,-23.92819,-46.30020,0,1
SBSV,-12.90861,-38.32250,0,0
SBTA,-23.04010,-45.51615,0,0
SBTB,-1.48960,-56.39680,0,0
SBTE,-5.06025,-42.82371,0,0
SBTF,-3.38294,-64.72410,0,0
SBTK,-8.15553,-70.78298,0,0
SSVL,-24.31780,-50.65160,0,0
SBTS,2.22454,-55.94471,0,0
SBTT,-4.25567,-69.93580,0,0
SBTU,-3.78601,-49.72030,0,0
SBUA,-0.14835,-66.98550,0,0
SBUF,-9.40088,-38.25060,0,0
SBUG,-29.78220,-57.03820,0,0
SBUL,-18.88358,-48.22594,0,0
SBUR,-19.76504,-47.96480,0,0
SBVG,-21.59137,-45.47412,0,0
SBVH,-12.69440,-60.09830,0,0
SBVT,-20.25800,-40.28500,0,0
SBYS,-21.98469,-47.34121,0,0
SBZM,-21.51309,-43.17307,0,0
SCAR,-18.34850,-70.33870,0,0
SCAT,-27.26120,-70.77920,0,0
SCBA,-45.91597,-71.68950,0,0
SCBE,-22.14110,-70.06290,0,0
SCCC,-46.58310,-71.68632,0,0
SCCF,-22.49820,-68.90360,0,0
SCCH,-36.58250,-72.03140,0,0
SCCI,-53.00260,-70.85460,0,0
SCCY,-45.59420,-72.10610,0,0
SCDA,-20.53627,-70.18137,0,0
SCEL,-33.39300,-70.78580,0,0
SCES,-26.31110,-69.76520,0,0
SCFA,-23.44527,-70.44523,0,0
SCFM,-53.25370,-70.31920,0,0
SCGZ,-54.93110,-67.62630,0,0
SCHR,-47.24359,-72.58815,0,0
SCIE,-36.77235,-73.06283,0,0
SCIP,-27.16541,-109.42103,0,0
SCJO,-40.61120,-73.06100,0,0
SCLL,-28.59640,-70.75600,0,0
SCNT,-51.67067,-72.52908,0,0
SCQP,-38.92590,-72.65150,0,0
SCRA,-26.33250,-70.60730,0,0
SCRG,-34.17370,-70.77570,0,0
SCSE,-29.91620,-71.19950,0,0
SCTC,-38.76680,-72.63710,0,0
SCTE,-41.44309,-73.09407,0,0
SCTL,-35.37780,-71.60170,0,0
SCTN,-42.78194,-72.83500,0,0
SCTO,-38.24560,-72.34860,0,0
SCTT,-25.56430,-70.37590,0,0
SCVD,-39.65000,-73.08610,0,0
SCVM,-32.94960,-71.47860,0,0
SDIY,-12.20069,-38.90616,0,0
SEAM,-1.21207,-78.57460,0,0
SEAX,-2.75704,-77.22027,0,1
SECO,-0.46289,-76.98680,0,0
SECU,-2.88947,-78.98440,0,0
SEGS,-0.45376,-90.26590,0,0
SEGU,-2.15742,-79.88360,0,0
SEJD,-1.06018,-77.58052,0,0
SELT,-0.90683,-78.61580,0,0
SEMA,-4.37823,-79.94100,0,0
SEMC,-2.29917,-78.12080,0,0
SEMT,-0.94608,-80.67880,0,0
SEPV,-1.04165,-80.47220,0,0
SEQM,-0.12540,-78.35431,0,0
SERO,-3.44199,-79.99696,0,0
SESA,-2.21006,-80.98507,0,0
SETA,-2.26104,-79.68020,0,1
SETN,0.97852,-79.62660,0,0
SETR,-0.12296,-76.33780,0,0
SETU,0.80951,-77.70810,0,0
SGAS,-25.24016,-57.51923,0,0
SGAY,-27.37838,-56.85679,0,0
SGCO,-23.44161,-57.42704,0,0
SGEN,-27.22754,-55.83758,0,0
SGES,-25.45719,-54.83954,0,0
SGGR,-24.03284,-54.35267,0,0
SGIB,-25.40782,-54.61946,0,0
SGME,-22.04650,-60.62170,0,0
SGPI,-26.88198,-58.31907,0,0
SGPJ,-22.64143,-55.82999,0,0
SGST,-22.62249,-56.63439,0,0
SKAP,4.07607,-73.56270,0,1
SKAR,4.45278,-75.76640,0,0
SKAS,0.50523,-76.50080,0,0
SKBC,9.04554,-73.97490,0,0
SKBG,7.12650,-73.18480,0,0
SKBO,4.70159,-74.14690,0,0
SKBQ,10.88960,-74.78080,0,0
SKBS,6.20292,-77.39470,0,0
SKBU,3.81963,-76.98980,0,0
SKCC,7.92757,-72.51150,0,0
SKCG,10.44240,-75.51300,0,0
SKCL,3.54272,-76.38190,0,0
SKCO,1.81442,-78.74920,0,0
SKCU,7.96847,-75.19850,0,0
SKCV,9.40092,-75.69130,0,0
SKCZ,9.33274,-75.28560,0,0
SKEB,7.59647,-74.80890,0,0
SKEJ,7.02433,-73.80680,0,0
SKFL,1.58919,-75.56440,0,0
SKGB,3.45899,-76.49660,0,1
SKGI,4.27624,-74.79670,0,0
SKGO,4.75818,-75.95570,0,0
SKGP,2.57013,-77.89797,0,0
SKIB,4.42161,-75.13330,0,0
SKIP,0.86195,-77.67178,0,0
SKLC,7.81196,-76.71640,0,0
SKLM,11.23250,-72.49010,0,0
SKLT,-4.19115,-69.94200,0,0
SKMA,4.72795,-74.27560,0,1
SKMD,6.21969,-75.59060,0,0
SKME,4.21644,-74.63500,0,1
SKMG,9.28474,-74.84610,0,0
SKMR,8.82374,-75.82580,0,0
SKMU,1.25366,-70.23390,0,0
SKMZ,5.02960,-75.46470,0,0
SKNV,2.95015,-75.29400,0,0
SKOC,8.31506,-73.35830,0,0
SKPC,6.18472,-67.49320,0,0
SKPD,3.85353,-67.90620,0,0
SKPE,4.81267,-75.73950,0,0
SKPI,1.85777,-76.08570,0,0
SKPP,2.45436,-76.60925,0,0
SKPQ,5.48361,-74.65740,0,1
SKPS,1.39672,-77.29093,0,0
SKPV,13.35746,-81.35798,0,0
SKPZ,5.87615,-71.88667,0,0
SKQU,5.21256,-74.88360,0,0
SKRG,6.16454,-75.42310,0,0
SKRH,11.52620,-72.92600,0,0
SKSJ,2.57969,-72.63940,0,0
SKSM,11.11960,-74.23060,0,0
SKSP,12.58360,-81.71120,0,0
SKSV,2.15217,-74.76630,0,0
SKTI,4.24480,-74.64990,0,1
SKTJ,5.54138,-73.34450,0,0
SKTM,6.45108,-71.76030,0,0
SKTQ,0.74590,-75.23400,0,1
SKUA,5.52448,-68.68560,0,1
SKUC,7.06888,-70.73690,0,0
SKUI,5.69076,-76.64120,0,0
SKUL,4.08836,-76.23510,0,0
SKVP,10.43500,-73.24950,0,0
SKVV,4.16787,-73.61380,0,0
SKYP,5.31911,-72.38400,0,0
SLAL,-19.24684,-65.14961,0,0
SLBJ,-22.77330,-64.31290,0,0
SLCB,-17.42111,-66.17710,0,0
SLCO,-11.03911,-68.78277,0,0
SLET,-17.81160,-63.17150,0,0
SLGM,-10.88856,-65.38096,0,0
SLLP,-16.51027,-68.18942,0,0
SLOR,-17.95615,-67.07583,0,0
SLPO,-19.54333,-65.72373,0,0
SLPS,-18.97530,-57.82060,0,0
SLRI,-11.00935,-66.07547,0,0
SLSA,-13.76220,-65.43520,0,0
SLSU,-19.00710,-65.28870,0,1
SLSV,-16.40124,-61.04520,0,0
SLTJ,-21.55570,-64.70130,0,0
SLTR,-14.81870,-64.91800,0,0
SLUY,-20.44130,-66.85755,0,0
SLVM,-21.25520,-63.40560,0,0
SLVR,-17.64480,-63.13540,0,0
SLYA,-21.96090,-63.65170,0,0
SMJP,5.45283,-55.18780,0,0
JSO,-3.61477,-40.23221,0,0
SNCP,-27.63413,-50.35825,0,0
SNLN,-19.35520,-40.07128,0,0
SNQ,30.52880,-115.94620,0,1
SNQX,-4.97901,-38.98762,0,0
SOCA,4.81996,-52.36133,0,0
SOOA,3.65591,-54.03943,0,0
SOOG,3.89760,-51.80410,0,0
SOOM,5.48189,-54.03496,0,0
SPAY,-10.72910,-73.76650,0,0
SPBC,-3.91686,-70.50820,0,0
SPBR,-11.41160,-69.48870,0,0
SPCL,-8.37806,-74.57449,0,0
SPCR,-15.50000,-74.66667,0,1
SPEO,-9.14961,-78.52380,0,0
SPHI,-6.78922,-79.82825,0,0
SPHO,-13.15480,-74.20440,0,0
SPHZ,-9.34744,-77.59840,0,0
SPIL,-13.23136,-70.75145,0,1
SPJC,-12.02190,-77.11431,0,0
SPJA,-6.06786,-77.16000,0,0
SPJE,-5.59248,-78.77400,0,0
SPJI,-7.16910,-76.72860,0,0
SPJJ,-11.78310,-75.47340,0,0
SPJL,-15.46769,-70.15653,0,0
SPJR,-7.13918,-78.48940,0,0
SPLO,-17.69500,-71.34400,0,0
SPLP,-12.16070,-76.99890,0,1
SPME,-3.55207,-80.38109,0,0
SPMS,-5.89377,-76.11820,0,0
SPNC,-9.87881,-76.20480,0,0
SPPY,-6.20191,-77.85619,0,0
SPQT,-3.78474,-73.30880,0,0
SPQU,-16.34079,-71.56949,0,0
SPRU,-8.08238,-79.10882,0,0
SPSO,-13.74490,-76.22030,0,0
SPST,-6.50874,-76.37320,0,0
SPTN,-18.05330,-70.27580,0,0
SPTP,-4.54981,-81.22410,0,1
SPTU,-12.61360,-69.22860,0,0
SPUR,-5.20575,-80.61640,0,0
SPYL,-4.57664,-81.25410,0,0
SPZA,-14.85400,-74.96150,0,0
SPZO,-13.53570,-71.93880,0,0
SUAA,-34.78920,-56.26470,0,0
SUBL,-34.81153,-56.16432,0,1
SUDU,-33.35890,-56.49920,0,0
SUGA,-34.74690,-55.96100,0,1
SULS,-34.85510,-55.09430,0,0
SUMU,-34.83565,-56.02650,0,0
SUPU,-32.36330,-58.06190,0,0
SURV,-30.97460,-55.47620,0,0
SUSO,-31.43850,-57.98530,0,0
SVAC,9.55338,-69.23787,0,0
SVAN,9.43023,-64.47073,0,0
SVBC,10.11111,-64.69222,0,0
SVBI,8.61500,-70.21417,0,0
SVBL,10.18337,-67.55732,0,1
SVBM,10.04275,-69.35862,0,0
SVBS,10.24998,-67.64942,0,0
SVCB,8.12216,-63.53696,0,0
SVCD,7.62551,-66.16280,0,0
SVCL,8.92466,-67.41709,0,0
SVCN,6.23199,-62.85485,0,0
SVCP,10.66001,-63.26168,0,0
SVCR,11.41494,-69.68090,0,0
SVCS,10.28687,-66.81585,0,0
SVCU,10.45033,-64.13047,0,0
SVCZ,9.37265,-66.92280,0,1
SVED,6.71573,-61.63879,0,0
SVEZ,7.05968,-69.49670,0,0
SVFM,10.48503,-66.84351,0,1
SVGD,7.21083,-70.75639,0,0
SVGI,10.57408,-62.31267,0,0
SVGU,9.02694,-69.75515,0,0
SVJC,11.78078,-70.15150,0,0
SVJM,9.90695,-67.37964,0,0
SVLF,8.23917,-72.27103,0,0
SVLO,11.80823,-66.18077,0,0
SVMC,10.55754,-71.72931,0,0
SVMD,8.58208,-71.16104,0,0
SVMG,10.91260,-63.96660,0,0
SVMI,10.60221,-66.99117,0,0
SVMP,10.13317,-66.78783,0,0
SVMT,9.74902,-63.15335,0,0
SVPA,5.61999,-67.60610,0,0
SVPC,10.48050,-68.07300,0,0
SVPM,7.80139,-72.20278,0,0
SVPR,8.28853,-62.76040,0,0
SVPT,7.57548,-70.17444,0,0
SVSA,7.84081,-72.43988,0,0
SVSE,4.55470,-61.14523,0,0
SVSO,7.56538,-72.03510,0,0
SVSP,10.27870,-68.75520,0,0
SVSR,7.88332,-67.44400,0,0
SVST,8.94515,-64.15108,0,0
SVSZ,8.97455,-71.94325,0,0
SVTC,9.08899,-62.09417,0,0
SVTM,7.24938,-61.52893,0,0
SVVA,10.14973,-67.92840,0,0
SVVG,8.62414,-71.67267,0,0
SVVL,9.34048,-70.58406,0,0
SVVP,9.22203,-65.99358,0,0
SWGN,-7.22787,-48.24050,0,0
SYCJ,6.49855,-58.25410,0,0
SYEC,6.80588,-58.10766,0,0
SYKA,5.17735,-59.48898,0,0
SYLT,3.37276,-59.78940,0,0
T73,34.67430,-80.68230,0,1
TAPA,17.13670,-61.79270,0,0
TBPB,13.07467,-59.49103,0,0
TDCF,15.33669,-61.39211,0,0
TDPD,15.54667,-61.30108,0,0
TFFF,14.59100,-61.00320,0,0
TFFG,18.10006,-63.04744,0,0
TFFJ,17.90440,-62.84333,0,0
TFFM,15.86893,-61.27009,0,0
TFFR,16.26544,-61.53275,0,0
TGPY,12.00400,-61.78530,0,0
TIST,18.33709,-64.97725,0,0
TISX,17.70141,-64.80261,0,0
TJAB,18.45085,-66.67577,0,0
TJBQ,18.49490,-67.12940,0,0
TJCP,18.31295,-65.30389,0,0
TJIG,18.45680,-66.09810,0,0
TJMZ,18.25570,-67.14850,0,0
TJPS,18.00830,-66.56300,0,0
TJRV,18.24726,-65.63979,0,0
TJSJ,18.43940,-66.00180,0,0
TJVQ,18.13480,-65.49360,0,0
TKPK,17.31085,-62.71912,0,0
TKPN,17.20570,-62.58990,0,0
TLPC,14.02020,-60.99290,0,0
TLPL,13.73320,-60.95260,0,0
UTAN,39.68105,54.20601,0,0
TNCA,12.50106,-70.01428,0,0
TNCB,12.13100,-68.26850,0,0
TNCC,12.18890,-68.95980,0,0
TNCE,17.49650,-62.97940,0,0
TNCM,18.04100,-63.10890,0,0
TNCS,17.64533,-63.22051,0,0
TQPF,18.20477,-63.05383,0,0
TRPG,16.79183,-62.19320,0,0
TTCP,11.14957,-60.83130,0,0
TTPP,10.59535,-61.33757,0,0
TUPJ,18.44549,-64.54171,0,0
TUPW,18.44663,-64.42793,0,0
TVSA,13.15972,-61.14880,0,0
TVSB,12.98840,-61.26200,0,0
TVSC,12.69900,-61.34240,0,0
TVSM,12.88790,-61.18020,0,0
TVSU,12.60013,-61.41195,0,0
TXKF,32.36380,-64.67824,0,0
UKKA,44.77976,33.57225,0,1
UKBM,49.93200,33.64100,0,1
UCFB,40.04290,70.83784,0,0
UZTC,41.51226,69.57470,0,1
UAAA,43.35427,77.04283,0,0
UAAH,46.89425,75.00453,0,0
UAAT,45.12255,78.44276,0,0
UACC,51.02703,71.46709,0,0
UACK,53.32910,69.59460,0,0
UACP,54.77562,69.18742,0,0
UADD,42.85360,71.30360,0,0
UCFM,43.06130,74.47760,0,0
UCFO,40.60900,72.79330,0,0
UCFK,42.50810,78.40780,0,0
UAFW,42.85320,74.84650,0,1
UAII,42.36502,69.47564,0,0
UAIT,43.31109,68.55035,0,0
UAKD,47.70895,67.73809,0,0
UAKK,49.67080,73.33440,0,0
UAOL,45.62199,63.21077,0,0
UAON,46.05242,63.24918,0,0
UAOO,44.70690,65.59250,0,0
UARR,51.15198,51.54365,0,0
UASA,47.91922,80.45219,0,0
UASB,51.59100,75.21500,0,0
UASK,50.03503,82.49606,0,0
UASP,52.19498,77.07309,0,0
UASS,50.35130,80.23440,0,0
UATE,43.86009,51.09086,0,0
UATG,47.12132,51.82034,0,0
UATR,47.90500,59.62000,0,0
UATT,50.24812,57.20414,0,0
UAUU,53.20690,63.55030,0,0
UBBI,40.59160,49.55740,0,1
UBBS,39.90140,46.78700,0,0
UB14,40.27360,48.16360,0,1
UB18,40.40841,50.20029,0,1
UBBB,40.47278,50.05093,0,0
UBBG,40.73869,46.32038,0,0
UBBN,39.18880,45.45840,0,0
UBBQ,40.80862,47.72539,0,0
UBBY,41.55782,46.66946,0,0
UBLC,39.88379,46.36314,0,0
UCFL,42.58558,76.70118,0,0
UDSG,40.75040,43.85930,0,0
UDYE,40.12210,44.46500,0,0
UDYZ,40.14894,44.39789,0,0
UEEE,62.09330,129.77100,0,0
UELL,56.91390,124.91400,0,0
UEMA,66.45086,143.26155,0,0
UEMM,62.10348,129.54529,0,0
UEMO,60.40183,120.47609,0,0
UEMT,64.55000,143.11500,0,0
UENK,63.88730,122.77578,0,0
UENW,63.75667,121.69334,0,0
UERA,65.95920,111.54650,0,0
UERL,60.72359,114.82532,0,0
UERP,66.40040,112.03000,0,0
UERR,62.53470,114.03900,0,0
UERS,71.92790,114.08000,0,0
UESG,68.55623,146.22784,0,0
UESK,67.48050,153.73640,0,0
UESO,70.62310,147.90199,0,0
UESS,68.74060,161.33800,0,0
UEST,71.69770,128.90300,0,0
UESU,65.74850,150.88890,0,0
UEVV,66.79650,123.36100,0,0
KHX,-0.71650,29.69970,0,0
UGSG,43.10400,40.57930,0,1
UG11,40.88760,45.95700,0,1
UG22,41.45920,44.78320,0,1
UG24,41.64920,44.93640,0,1
UG27,41.62800,45.03080,0,1
UG28,41.37950,46.36730,0,1
UGAM,42.52687,43.13538,0,0
UGKO,42.17745,42.48535,0,0
UGSB,41.60939,41.60032,0,0
UGSS,42.85820,41.12810,0,0
UGTB,41.66920,44.95470,0,0
XHHB,48.46000,132.66000,0,1
UHBB,50.42672,127.41550,0,0
UHHH,48.52834,135.18859,0,0
UHK2,48.39595,135.22348,0,1
UHKD,50.60563,137.08127,0,0
UHKG,49.23570,140.19310,0,1
UHKK,50.40900,136.93401,0,0
UHKM,48.92507,140.03535,0,0
UHMA,64.73490,177.74100,0,0
UHMD,64.37810,-173.24300,0,0
UHMF,62.45700,155.74499,0,0
UHMG,61.83500,160.54800,0,0
UHMK,67.84500,166.14000,0,0
UHMM,59.91100,150.72000,0,0
UHMP,69.78330,170.59700,0,0
UHMS,62.92078,152.42278,0,0
UHMT,59.62330,150.92200,0,0
UHMW,61.92179,159.22906,0,0
UHNN,53.15500,140.64999,0,0
UHOO,59.41007,143.05650,0,0
UHPL,59.08206,159.89158,0,0
UHPP,53.16872,158.45107,0,0
UHSS,46.88546,142.71747,0,0
XHWI,42.96000,133.11500,0,1
UHWW,43.39626,132.14816,0,0
UIAA,52.02484,113.30584,0,0
UIAE,50.03311,118.06114,0,0
UIBB,56.36960,101.70182,0,0
UIBV,56.48770,104.10600,0,0
UIIB,52.91487,103.57550,0,1
UIII,52.26671,104.39556,0,0
UITT,56.85670,105.73000,0,0
UIUU,51.80861,107.43965,0,0
UKHW,49.83820,36.64120,0,1
UKKK,50.40167,30.45194,0,0
UKBB,50.34500,30.89470,0,0
UKCM,47.07610,37.44960,0,0
UKDB,46.81500,36.75810,0,0
UKDD,48.35720,35.10060,0,0
UKDE,47.86696,35.31472,0,0
UKDR,48.04330,33.21000,0,0
UKFB,44.69182,33.57462,0,1
UKFF,45.05220,33.97510,0,0
UKFG,45.11619,33.97662,0,1
UKFI,45.09061,33.59854,0,1
UKFY,45.70090,34.41890,0,1
UKHH,49.92694,36.29081,0,0
UKKE,49.41560,31.99530,0,0
UKKM,50.60350,30.19190,0,0
UKKO,50.15830,28.73830,0,1
UKLH,49.35970,26.93340,0,0
UKLI,48.88420,24.68610,0,0
UKLL,49.81250,23.95610,0,0
UKLN,48.25930,25.98080,0,0
UKLR,50.60710,26.14160,0,0
UKLU,48.63430,22.26340,0,0
UKOH,46.67580,32.50640,0,0
ODS,46.42720,30.67265,0,0
UKOR,46.93643,32.09862,0,1
UKWW,49.24253,28.61378,0,0
ULAA,64.60030,40.71670,0,0
ULAH,64.44170,40.42170,0,0
ULAM,67.64000,53.12190,0,0
ULDD,69.76330,61.55640,0,0
ULKK,61.23580,46.69750,0,0
ULKS,60.99500,46.87000,0,1
ULLI,59.80030,30.26250,0,0
ULLP,59.68500,30.33830,0,0
ULMM,68.78170,32.75080,0,0
ULOO,57.78132,28.39384,0,0
ULPB,61.88520,34.15470,0,0
ULPP,61.83194,34.29556,0,0
ULWC,59.27360,38.01580,0,0
ULWU,60.78830,46.26000,0,0
ULWW,59.28250,39.94440,0,0
UMBB,52.10814,23.89676,0,0
UMBK,52.16400,24.39990,0,1
UMGG,52.52700,31.01670,0,0
UMII,55.12650,30.34960,0,0
UMKK,54.89161,20.59856,0,0
UMLI,53.77344,27.57741,0,1
UMMA,53.10000,26.05000,0,1
UMMG,53.60200,24.05380,0,0
UMMS,53.88807,28.03996,0,0
UMNB,53.10500,29.20500,0,1
UMNV,52.58230,24.37986,0,1
UMOO,53.95490,30.09510,0,0
UNAA,53.74000,91.38500,0,0
UNBB,53.36129,83.53970,0,0
UNBG,51.96920,85.83654,0,0
UNEE,55.27010,86.10720,0,0
UNIB,61.67670,96.35500,0,0
UNII,58.47420,92.11250,0,0
UNIP,61.58970,89.99400,0,0
UNIS,60.37330,93.01170,0,0
UNIW,60.35623,102.30964,0,0
UNKL,56.17574,92.48579,0,0
UNKM,56.17758,92.54588,0,0
UNKS,56.26919,90.57511,0,0
UNKY,51.66940,94.40060,0,0
UNNE,55.09240,83.00450,0,0
UNNT,55.01976,82.61867,0,0
UNOO,54.96312,73.31242,0,0
UNOS,54.97500,73.55500,0,0
UNSS,60.70940,77.66000,0,0
UNTT,56.38030,85.20830,0,0
UNWW,53.81140,86.87720,0,0
UODD,73.51781,80.37967,0,0
UODN,80.80321,47.66359,0,0
UODS,79.52958,91.07495,0,1
UOHH,71.97810,102.49100,0,0
UOIG,66.84000,88.40334,0,0
UOII,67.43720,86.62190,0,0
UOOO,69.30795,87.32591,0,0
URKA,45.00210,37.34730,0,0
URKG,44.58209,38.01248,0,0
URKK,45.03446,39.17421,0,0
URKR,44.96866,41.10741,0,1
URMG,43.38811,45.69977,0,0
URML,42.81680,47.65230,0,0
URMM,44.22510,43.08190,0,0
URMN,43.51290,43.63660,0,0
URMO,43.20510,44.60660,0,0
URMS,43.32327,45.01257,0,0
URMT,45.10920,42.11280,0,0
UROD,69.37500,86.15667,0,0
URRP,47.49389,39.92472,0,0
URRT,47.19833,38.84917,0,0
URSS,43.44990,39.95660,0,0
URWA,46.28284,48.01051,0,0
URWI,46.37390,44.33090,0,0
URWW,48.78134,44.33919,0,0
USCC,55.30314,61.50493,0,0
USCM,53.39199,58.75523,0,0
USDA,71.21917,72.05222,0,0
USDB,70.31528,68.33361,0,0
USDD,66.59080,66.61100,0,0
USHB,63.92100,65.03050,0,0
USHH,61.02850,69.08610,0,0
USHN,62.11000,65.61500,0,0
USHQ,63.68690,66.69860,0,0
USHS,61.32662,63.60191,0,0
USHU,60.10330,64.82670,0,0
USII,56.83452,53.46217,0,0
USKK,58.50388,49.34783,0,0
USMM,65.48090,72.69890,0,0
USMU,66.06940,76.52030,0,0
USNN,60.94930,76.48360,0,0
USPP,57.91450,56.02120,0,0
USRK,62.19040,74.53380,0,0
USRN,61.10830,72.65000,0,0
USRO,63.18330,75.27000,0,0
USRR,61.34050,73.40578,0,0
USSK,56.70170,60.79000,0,0
USSS,56.74310,60.80270,0,0
USTJ,58.05971,68.34800,0,0
USTR,57.17898,65.32770,0,0
USUU,55.47530,65.41560,0,0
UT1G,38.01200,58.19500,0,1
UTAA,37.98680,58.36100,0,0
UTAK,40.06283,53.00509,0,0
UTAM,37.62353,61.89567,0,0
UTAT,41.75985,59.83615,0,0
UTAV,38.93066,63.56398,0,0
UTDD,38.54375,68.82298,0,0
UTDK,37.98810,69.80500,0,0
UTDL,40.21540,69.69470,0,0
UTDT,37.86632,68.86447,0,0
UZFN,40.98462,71.55780,0,0
UZFA,40.72770,72.29400,0,0
UZFF,40.35880,71.74500,0,0
UZNN,42.48840,59.62330,0,0
UZNU,41.58274,60.64338,0,0
UZSA,40.11760,65.17266,0,0
UZSB,39.77532,64.48228,0,0
UZSL,38.83360,65.92150,0,1
UZSS,39.70184,66.98147,0,0
UZST,37.28726,67.31187,0,0
UZTP,41.31289,69.39553,0,0
UZTT,41.25790,69.28120,0,0
UZTZ,40.01402,68.41103,0,0
UUBA,57.79690,41.01940,0,0
UUBC,54.55000,36.36667,0,0
UUBI,56.93940,40.94080,0,0
XUBK,58.10420,38.92940,0,0
UUBP,53.21440,34.17596,0,0
UUBW,55.55330,38.15000,0,0
UUDD,55.40880,37.90630,0,0
UUDL,57.56070,40.15740,0,0
UUEE,55.97686,37.41121,0,0
UUEM,56.82470,35.75770,0,1
UUMI,54.88941,38.14704,0,1
UUMT,54.90500,39.02667,0,0
UUMU,55.87830,38.06170,0,1
UUOB,50.64380,36.59010,0,0
UUOK,51.75060,36.29560,0,0
UUOL,52.70280,39.53780,0,0
UUOO,51.81432,39.23095,0,0
UUOT,52.80610,41.48280,0,0
UUWW,55.59150,37.26150,0,0
UUYH,63.56690,53.80470,0,0
UUYI,66.05337,60.10579,0,0
UUYK,63.82330,57.28000,0,0
UUYP,65.12110,57.13080,0,0
UUYS,66.00470,57.36720,0,0
UUYV,65.03170,53.97000,0,0
UUYW,67.48860,63.99310,0,0
UUYX,65.43729,52.20034,0,0
UUYY,61.64700,50.84510,0,0
UWGG,56.22735,43.78515,0,0
UWKB,54.64118,52.80023,0,0
UWKD,55.60620,49.27870,0,0
UWKE,55.56470,52.09250,0,0
UWKG,55.86670,49.13330,0,0
UWKJ,56.70060,47.90470,0,0
UWKS,56.09030,47.34730,0,0
UWLL,54.27016,48.22557,0,0
UWLW,54.40100,48.80270,0,0
UWOO,51.79267,55.45723,0,0
UWOR,51.07250,58.59560,0,0
UWPP,53.11060,45.02110,0,0
UWPS,54.12513,45.21226,0,0
UWSB,51.85830,47.74560,0,0
UWSG,51.71278,46.17111,0,0
UWUU,54.55750,55.87440,0,0
UWWB,53.71840,52.37190,0,0
UWWG,53.22000,50.32500,0,0
UWWW,53.50490,50.16430,0,0
VERW,24.50340,81.22030,0,0
VAGD,21.52682,80.29035,0,0
VAAH,23.07720,72.63470,0,0
VAAK,20.69893,77.05688,0,0
VAAU,19.86287,75.39631,0,0
VABB,19.08870,72.86790,0,0
VABJ,23.28780,69.67020,0,0
VOBM,15.85930,74.61830,0,0
VABO,22.33620,73.22630,0,0
VABP,23.28750,77.33740,0,0
VABV,21.75220,72.18520,0,0
VADN,20.43440,72.84320,0,0
VOHB,15.36108,75.08210,0,0
VAHS,22.37882,71.03939,0,0
VAID,22.72140,75.80051,0,0
VAJB,23.17780,80.05200,0,0
VAJM,22.46550,70.01260,0,0
VAKE,23.11270,70.10030,0,0
VEKO,24.81720,79.91860,0,0
VAKP,16.66470,74.28940,0,0
VAKS,21.31710,70.27040,0,0
VALT,18.41150,76.46470,0,0
VAND,19.18330,77.31670,0,0
VANP,21.09220,79.04720,0,0
VAOZ,20.11910,73.91290,0,0
VAPO,18.58210,73.91970,0,0
VAPR,21.64952,69.65641,0,0
VARG,17.01360,73.32780,0,0
VARK,22.30920,70.77950,0,0
VERP,21.18040,81.73880,0,0
VASD,19.68921,74.37365,0,0
VASL,17.62800,75.93480,0,0
VASU,21.11553,72.74325,0,0
VAUD,24.61770,73.89610,0,0
VCBI,7.18076,79.88410,0,0
VCCA,8.30154,80.42848,0,0
VCCB,7.70507,81.67716,0,0
VCCC,6.82164,79.88586,0,0
VCCG,7.33674,81.62387,0,0
VCCH,8.04981,80.98140,0,1
VCCJ,9.79233,80.07010,0,0
VCCK,5.99368,80.32030,0,0
VCCN,6.55212,79.97750,0,1
VCCS,7.95667,80.72850,0,1
VCCT,8.53916,81.18128,0,0
VCRI,6.28388,81.12416,0,0
VDBG,13.09560,103.22400,0,0
VDPP,11.54716,104.84470,0,0
VDRK,13.73000,106.98700,0,0
VDSA,13.36974,104.22383,0,0
VDSV,10.57056,103.63207,0,0
VEAN,28.17530,94.80200,0,0
VEAT,23.88700,91.24040,0,0
VEBD,26.68120,88.32860,0,0
VEBI,25.70360,91.97870,0,0
VEBN,25.45217,82.86255,0,0
VEBS,20.25102,85.81475,0,0
VEBU,21.98840,82.11100,0,0
VECC,22.65401,88.44765,0,0
VEDB,23.83400,86.42530,0,0
VEDG,23.62250,87.24300,0,0
VEDH,26.19280,85.91690,0,0
VEGK,26.73970,83.44970,0,0
VEGT,26.10665,91.58523,0,0
VEGY,24.74430,84.95120,0,0
VEHX,26.69830,89.36910,0,0
VEIM,24.76000,93.89670,0,0
VEJS,22.81371,86.16898,0,0
VEJT,26.73046,94.17542,0,0
VEKI,26.77653,83.88921,0,0
VEKR,24.30866,92.00768,0,0
VEKU,24.91290,92.97870,0,0
VELP,23.84060,92.61970,0,0
VELR,27.29568,94.09727,0,0
VEMN,27.48390,95.01690,0,0
VEMR,25.88390,93.77110,0,0
VEMZ,26.11910,85.31370,0,0
VEPH,23.47430,87.42750,0,0
VEPT,25.59130,85.08800,0,0
VERC,23.31430,85.32170,0,0
VERK,22.25657,84.81519,0,0
VETZ,26.70910,92.78470,0,0
VEUK,20.09778,83.18333,0,0
VOVZ,17.72351,83.22773,0,0
VEZO,27.58830,93.82810,0,0
VGBR,22.80100,90.30120,0,0
VGCB,21.45752,91.96326,0,0
VGEG,22.24960,91.81330,0,0
VGHS,23.84335,90.39778,0,0
VGIS,24.15250,89.04940,0,0
VGJR,23.18380,89.16080,0,0
VGRJ,24.43720,88.61650,0,0
VGSD,25.75920,88.90890,0,0
VGSY,24.96399,91.86475,0,0
VHHH,22.31184,113.91486,0,0
VHSK,22.43660,114.08000,0,1
VIAG,27.15798,77.96103,0,0
VEAB,25.44010,81.73390,0,0
VIAM,30.36810,76.81670,0,0
VIAR,31.70960,74.79730,0,0
VIBK,28.07060,73.20720,0,0
VIBR,31.87670,77.15440,0,0
VIBT,30.27010,74.75580,0,0
VIBY,28.42210,79.45080,0,0
VICG,30.67350,76.78850,0,0
VECX,26.40430,80.41010,0,0
VIDD,28.58545,77.20356,0,0
VIDN,30.18924,78.17665,0,0
VIDP,28.55563,77.09519,0,0
VIGG,32.16490,76.26302,0,0
VIGR,26.29330,78.22780,0,0
VIHR,29.18606,75.74142,0,0
VIHX,30.74850,75.62980,0,0
VIJO,26.25110,73.04890,0,0
VIJP,26.82420,75.81220,0,0
VIJR,26.88870,70.86500,0,0
VIJU,32.68885,74.83815,0,0
VIKG,26.59101,74.81296,0,0
VIKO,25.16020,75.84560,0,0
VILD,30.85470,75.95260,0,0
VILH,34.13590,77.54650,0,0
VILK,26.76060,80.88930,0,0
VIMB,28.81746,78.92187,0,0
VIPK,32.23361,75.63444,0,0
VIPT,29.03340,79.47370,0,0
VISA,29.56060,75.00610,0,0
VISR,33.98710,74.77420,0,0
VIUX,32.90215,75.15571,0,0
VLLB,19.90427,102.16719,0,0
VLPS,15.13397,105.77987,0,0
VLSK,16.55660,104.76000,0,0
VLSN,20.41840,104.06700,0,0
VLVT,17.98505,102.56669,0,0
SGVM,-22.15937,-57.94239,0,0
VMMC,22.14960,113.59200,0,0
VVLT,10.77284,107.04060,0,0
VNBW,27.50464,83.41038,0,0
VNJP,26.70880,85.92240,0,0
VNKT,27.69660,85.35910,0,0
VNLK,27.68677,86.72948,0,0
VNNG,28.10360,81.66700,0,0
VNPK,28.20062,83.98120,0,0
VNTJ,27.35090,87.69525,0,0
VNVT,26.48150,87.26400,0,0
VOBX,7.01304,93.92280,0,0
VOAR,13.07120,79.69120,0,1
VOAT,10.82370,72.17600,0,0
VOBG,12.95000,77.66820,0,0
VOBI,15.16280,76.88280,0,0
VOBL,13.19790,77.70630,0,0
VOBR,17.90810,77.48710,0,0
VOBZ,16.53001,80.80489,0,0
VOCB,11.03000,77.04340,0,0
VOCC,9.94606,76.27195,0,1
VOCI,10.15105,76.40084,0,0
VOCL,11.13600,75.95515,0,0
VOCP,14.51315,78.76918,0,0
VOCX,9.15306,92.81927,0,1
VODG,17.62720,78.40340,0,0
VOGA,15.74426,73.86062,0,0
VOGO,15.38006,73.83333,0,0
VOHS,17.23132,78.42986,0,0
VOHY,17.45310,78.46760,0,0
VOKN,11.91634,75.54498,0,0
VOKU,15.71629,78.16923,0,0
VOMD,9.83451,78.09340,0,0
VOML,12.95471,74.88681,0,0
VOMM,12.99001,80.16930,0,0
VOMY,12.22975,76.65368,0,0
VOPB,11.64019,92.72902,0,0
VOPC,11.96800,79.81200,0,0
VOPN,14.14930,77.79110,0,0
VORM,9.32509,78.97150,0,1
VORY,17.10580,81.81320,0,0
VOSM,11.78330,78.06560,0,0
VOTP,13.63199,79.53987,0,0
VOTR,10.76291,78.71774,0,0
VOTV,8.48189,76.92003,0,0
VOVI,17.97151,83.50362,0,0
VQGP,26.88456,90.46412,0,0
VQPR,27.40320,89.42460,0,0
VRDA,5.81741,73.46840,0,0
VRMG,-0.69298,73.15263,0,0
VRMH,6.74324,73.16707,0,0
VRMK,1.85917,73.52190,0,0
VRMM,4.19183,73.52910,0,0
VRMT,0.48813,72.99690,0,0
VRMV,3.47175,72.83263,0,0
VTBD,13.91260,100.60700,0,0
VTBK,14.10200,99.91720,0,0
VTBL,14.87462,100.66340,0,0
VTBO,12.27460,102.31900,0,0
VTBS,13.68110,100.74700,0,0
VTBU,12.67990,101.00500,0,0
VTCC,18.76680,98.96260,0,0
VTCH,19.30130,97.97580,0,0
VTCL,18.27090,99.50420,0,0
VTCN,18.80790,100.78300,0,0
VTCP,18.13220,100.16500,0,0
VTCT,19.95230,99.88290,0,0
VTED,17.38300,102.80000,0,1
VTPB,16.67600,101.19500,0,0
VTPH,12.63620,99.95150,0,0
VTPI,15.27730,100.29600,0,1
VTPM,16.69990,98.54510,0,0
VTPO,17.23800,99.81820,0,0
VTPP,16.78290,100.27900,0,0
VTPT,16.89600,99.25330,0,0
VTSB,9.13260,99.13560,0,0
VTSC,6.51992,101.74300,0,0
VTSE,10.71120,99.36170,0,0
VTSF,8.53962,99.94470,0,0
VTSG,8.09559,98.98896,0,0
VTSH,7.18656,100.60800,0,0
VTSK,6.78546,101.15400,0,0
VTSM,9.54779,100.06200,0,0
VTSN,8.47115,99.95560,0,0
VTSP,8.11326,98.31740,0,0
VTSR,9.77762,98.58550,0,0
VTSS,6.93321,100.39300,0,0
VTST,7.50874,99.61660,0,0
VTUD,17.38619,102.78858,0,0
VTUI,17.19510,104.11900,0,0
VTUJ,14.86830,103.49800,0,0
VTUK,16.46660,102.78400,0,0
VTUL,17.43910,101.72200,0,0
VTUO,15.22950,103.25300,0,0
VTUQ,14.94950,102.31300,0,0
VTUU,15.25130,104.87000,0,0
VTUV,16.11680,103.77400,0,0
VTUW,17.38380,104.64300,0,0
VV02,10.97670,106.81800,0,1
VVBM,12.66830,108.12000,0,0
VVCI,20.81743,106.72432,0,0
VVCM,9.17767,105.17778,0,0
VVCR,11.99820,109.21900,0,1
VVCS,8.73183,106.63300,0,0
VVCT,10.08340,105.70937,0,0
VVDB,21.39750,103.00800,0,0
VVDH,17.51500,106.59056,0,0
VVDL,11.75056,108.36700,0,0
VVDN,16.04390,108.19900,0,0
VVGL,21.04050,105.88600,0,1
VVKP,21.39460,106.26100,0,1
VVNB,21.22120,105.80700,0,0
VVPB,16.40063,107.70309,0,0
VVPC,13.95500,109.04200,0,0
VVPK,14.00450,108.01700,0,0
VVPQ,10.16978,103.99353,0,0
VVRG,9.95803,105.13238,0,0
VVTH,13.04960,109.33400,0,0
VVTS,10.81880,106.65200,0,0
VVVD,21.12069,107.41539,0,0
VVVH,18.73760,105.67100,0,0
VYDW,14.10390,98.20360,0,0
VYHB,17.11670,96.06670,0,1
VYHH,20.74714,96.79203,0,0
VYKG,21.30160,99.63600,0,0
VYKP,19.42640,93.53480,0,0
VYKT,10.04930,98.53800,0,0
VYLK,19.69150,97.21480,0,0
VYLS,22.97790,97.75220,0,0
VYMD,21.70220,95.97790,0,0
VYME,12.43980,98.62150,0,0
VYMK,25.38360,97.35190,0,0
VYML,20.88640,95.89279,0,1
VYMO,23.09250,96.64530,0,0
VYMS,20.51680,99.25680,0,0
VYNP,25.35440,97.29520,0,1
VYNS,20.89050,97.73590,0,0
VYNT,19.62350,96.20100,0,0
VYPT,27.32990,97.42630,0,0
VYST,20.94170,95.91450,0,1
VYSW,20.13317,92.87069,0,0
VYTD,18.46070,94.30010,0,0
VYTL,20.48380,99.93540,0,0
VYYY,16.90730,96.13320,0,0
WAAA,-5.07554,119.55370,0,0
WABB,-1.19002,136.10800,0,0
WABI,-3.39797,135.39307,0,0
WABO,-1.82842,136.06240,0,0
WAYY,-4.52978,136.88739,0,0
WADB,-8.53718,118.68500,0,0
WADD,-8.74841,115.16712,0,0
WADL,-8.75996,116.27817,0,0
WAEE,0.83101,127.38161,0,0
WAEW,2.04599,128.32500,0,0
WAFB,-3.18436,119.91910,0,0
WAFF,-0.91646,119.90865,0,0
WAFP,-1.41412,120.65924,0,0
WAFW,-1.03589,122.77393,0,0
WAGG,-2.22715,113.94339,0,0
WAHI,-7.90534,110.05726,0,0
WAHL,-7.64506,109.03400,0,0
WAJJ,-2.57963,140.51986,0,0
WAJO,-4.90710,140.62770,0,0
WAKK,-8.52390,140.41969,0,0
WAKT,-6.09669,140.30352,0,0
WALK,-1.16053,116.71193,0,0
WALL,-1.26834,116.89452,0,0
WAQQ,3.32515,117.56417,0,1
WALS,-0.37448,117.25013,0,0
WAMH,3.68478,125.52716,0,0
WAMM,1.54859,124.92625,0,0
WAON,-2.21656,115.43600,0,0
WAOO,-3.44011,114.76121,0,0
WAPF,-5.76028,132.75944,0,0
WAPN,-3.14316,126.97647,0,0
WAPP,-3.71026,128.08900,0,0
WAQT,2.14776,117.43071,0,0
WARA,-7.92910,112.71423,0,0
WARI,-7.61577,111.43400,0,1
WAHH,-7.78818,110.43200,0,0
WAHQ,-7.51604,110.75749,0,0
WARR,-7.37983,112.78700,0,0
WAHS,-6.97073,110.37324,0,0
WASF,-2.92051,132.26701,0,0
WASK,-3.64460,133.69512,0,0
WASO,-2.53224,133.43900,0,0
WAUU,-0.89183,134.04900,0,0
WASS,-0.89400,131.28700,0,0
WATT,-10.17160,123.67100,0,0
WAVV,-4.09732,138.95242,0,0
WAWD,-5.29212,123.63623,0,0
WAWP,-4.33816,121.52405,0,0
WBGB,3.12385,113.02000,0,0
WBGG,1.48736,110.35286,0,0
WBGJ,4.80830,115.01000,0,0
WBGK,2.88194,112.04333,0,0
WBGM,4.17873,114.33032,0,0
WBGR,4.32201,113.98700,0,0
WBGS,2.26160,111.98500,0,0
WBGZ,3.73465,115.47855,0,0
WBKD,5.03241,118.32376,0,0
WBKK,5.93274,116.04932,0,0
WBKL,5.30167,115.24833,0,0
WBKS,5.90090,118.05900,0,0
WBKW,4.31338,118.12152,0,0
WBMU,4.04833,114.80500,0,0
WBSB,4.94420,114.92800,0,0
WIBB,0.45865,101.44432,0,1
WIBD,1.60903,101.43349,0,0
WIBJ,-0.35281,102.33500,0,0
WICA,-6.64738,108.16556,0,0
WICC,-6.90063,107.57600,0,0
WIDD,1.12103,104.11900,0,0
WIDN,0.92397,104.53341,0,0
WIHH,-6.26699,106.89032,0,0
WIHP,-6.33696,106.76500,0,1
WIII,-6.12557,106.65600,0,0
WILL,-5.24680,105.18253,0,0
WIMB,1.16627,97.70520,0,0
WIME,1.40010,99.43050,0,0
WIMK,3.55843,98.67227,0,1
WIMM,3.63785,98.87057,0,0
WIMS,1.55713,98.88715,0,0
WIMU,3.39146,97.86373,0,0
WIOG,-0.34864,111.74616,0,0
WIOK,-1.81716,109.96347,0,0
WIDO,3.90871,108.38800,0,0
WIOO,-0.15226,109.40449,0,0
WIOP,0.83458,112.94022,0,0
WIOS,-0.04521,111.45805,0,0
WIKK,-2.16220,106.13900,0,0
WIGG,-3.86370,102.33900,0,0
WIPP,-2.89765,104.69815,0,0
WIPQ,-3.28607,103.88000,0,0
WIEE,-0.78596,100.28038,0,0
WITC,4.04100,96.25331,0,0
WITK,4.72113,96.85194,0,0
WITL,5.06951,97.25920,0,0
WITT,5.52509,95.41997,0,0
WMAP,2.04139,103.30700,0,0
WMBT,2.81818,104.16000,0,0
WMKA,6.18967,100.39800,0,0
WMKB,5.46592,100.39100,0,1
WMKC,6.16685,102.29300,0,0
WMKD,3.77539,103.20900,0,0
WMKE,4.53722,103.42700,0,0
WMKI,4.56733,101.09164,0,0
WMKJ,1.64131,103.67000,0,0
WMKK,2.74558,101.71000,0,0
WMKL,6.32973,99.72870,0,0
WMKM,2.26561,102.25278,0,0
WMKN,5.38264,103.10300,0,0
WMKP,5.29630,100.27618,0,0
WMSA,3.13058,101.54900,0,0
WPDB,-9.30186,125.28630,0,0
WPDL,-8.54656,125.52451,0,0
WPEC,-8.48648,126.39998,0,0
WPOC,-9.19842,124.33787,0,0
WSAC,1.34414,104.00900,0,1
WSAG,1.42526,103.81300,0,1
WSAP,1.36042,103.91000,0,1
WSAT,1.38756,103.70829,0,1
WSSL,1.41555,103.86673,0,0
WSSS,1.35019,103.99400,0,0
XAAP,47.82500,83.64200,0,1
XRMU,43.29810,45.78410,0,1
XRWL,50.20170,45.20830,0,1
YABA,-34.94333,117.80889,0,0
YAMB,-27.63538,152.71122,0,1
YARA,-37.30998,142.98869,0,0
YARM,-30.52810,151.61700,0,0
YAYE,-25.18591,130.97703,0,0
YBAR,-23.56627,145.30209,0,0
YBAS,-23.80659,133.90343,0,0
YBBN,-27.38420,153.11700,0,0
YBCG,-28.16596,153.50664,0,0
YBCK,-24.43168,145.42972,0,0
YBCS,-16.87892,145.74948,0,0
YBCV,-26.41330,146.26199,0,0
YBDV,-25.89750,139.34801,0,0
YBHI,-32.00140,141.47200,0,0
YBHM,-20.35810,148.95200,0,0
YBIE,-24.34610,139.46001,0,0
YBKE,-30.03920,145.95200,0,0
YBLA,-36.55190,146.00700,0,0
YBMA,-20.66638,139.48847,0,0
YBMK,-21.17082,149.18259,0,0
YBNA,-28.83324,153.56147,0,0
YBNS,-37.88754,147.56938,0,0
YBOK,-27.40926,151.73673,0,0
YBOU,-22.91330,139.89999,0,0
YBPN,-20.49442,148.55358,0,0
YBRK,-23.38002,150.47536,0,0
YBRM,-17.94919,122.22830,0,0
YBRN,-34.62483,143.57711,0,0
YBRW,-29.97579,146.81438,0,0
YBSG,-12.62390,142.08701,0,1
YBSU,-26.59332,153.08319,0,0
YBTH,-33.40682,149.65116,0,0
YBTI,-11.76497,130.61577,0,0
YBTL,-19.25290,146.76651,0,1
YBTR,-23.60310,148.80701,0,0
YBUD,-24.90504,152.32261,0,0
YBWP,-12.67749,141.92262,0,0
YBWW,-27.55833,151.79334,0,0
YCAR,-24.88434,113.66639,0,0
YCBA,-31.53830,145.79401,0,0
YCBB,-31.33250,149.26700,0,0
YCBP,-29.03831,134.72217,0,0
YCCA,-26.77195,150.61757,0,0
YCCY,-20.66860,140.50400,0,0
YCDU,-32.13060,133.71001,0,0
YCEE,-33.70970,136.50501,0,0
YCFS,-30.32060,153.11600,0,0
YCIN,-17.58139,123.82833,0,1
YCKN,-15.44365,145.18322,0,0
YCLB,-34.99264,138.92721,0,1
YCMT,-22.77310,147.62100,0,0
YCMU,-28.03000,145.62199,0,0
YCNM,-30.98095,148.37783,0,0
YCOE,-13.76113,143.11331,0,0
YCOM,-36.30045,148.97241,0,0
YCOR,-35.99470,146.35700,0,0
YCRG,-36.18280,147.88800,0,0
YCTM,-34.62428,148.03664,0,0
YCWR,-33.84689,148.64801,0,0
YDBI,-28.58791,148.21716,0,0
YDBY,-17.37193,123.66221,0,0
YDLQ,-35.55940,144.94600,0,0
YDPO,-41.16970,146.42999,0,0
YDYS,-22.62220,148.36400,0,0
OYMK,13.29694,43.23186,0,0
YECH,-36.15720,144.76199,0,0
YEH,38.48190,106.00900,0,1
YELD,-12.01940,135.57100,0,0
YEML,-23.56750,148.17900,0,0
YESP,-33.68440,121.82300,0,0
YEWA,-22.42839,116.88788,0,0
YFBS,-33.36360,147.93500,0,0
YFRT,-30.83662,128.11281,0,0
YFTZ,-18.18360,125.55978,0,0
YGAD,-32.24078,115.68510,0,1
YGDH,-30.95751,150.24898,0,0
YGEL,-28.79610,114.70700,0,0
YGFN,-29.75480,153.03123,0,0
YGIG,-31.46530,115.86300,0,1
YGLA,-23.86976,151.22544,0,0
YGLB,-34.81030,149.72600,0,0
YGLI,-29.67603,151.69116,0,0
YGPT,-11.39969,130.42557,0,0
YGTE,-13.97241,136.45855,0,0
YGTH,-34.25080,146.06700,0,0
YHAY,-34.53140,144.83000,0,0
YHBA,-25.32013,152.88066,0,0
YHID,-10.58564,142.29277,0,0
YHLC,-18.23390,127.67000,0,0
YHML,-37.64890,142.06500,0,0
YHOT,-37.04750,147.33400,0,0
YHPN,-35.71530,142.36000,0,0
YHSM,-36.66970,142.17300,0,0
YHYL,-34.02917,138.52423,0,1
YIVL,-29.88830,151.14400,0,0
YKER,-35.75140,143.93900,0,0
YKII,-39.87750,143.87801,0,0
YKMP,-31.07232,152.76531,0,0
YKOW,-15.48537,141.75257,0,0
YKRY,-26.58108,151.83993,0,0
YKSC,-35.71390,137.52100,0,0
YLEC,-30.59830,138.42600,0,0
YLEO,-28.87810,121.31500,0,0
YLHR,-12.78690,143.30499,0,0
YLIS,-28.83069,153.25842,0,0
YLRD,-29.45286,147.97715,0,0
YLRE,-23.43202,144.27749,0,0
YLST,-27.84330,120.70300,0,0
YLTV,-38.21100,146.47082,0,0
YLVK,-19.31860,146.77067,0,1
YMAV,-38.04027,144.46720,0,0
YMAY,-36.06676,146.95915,0,0
YMBA,-17.07028,145.42423,0,0
YMDG,-32.56479,149.60945,0,0
YMEK,-26.61170,118.54800,0,0
YMEN,-37.72810,144.90199,0,0
YMER,-36.90860,149.90100,0,0
YMES,-38.09890,147.14900,0,1
YMGD,-12.05610,134.23399,0,0
YMHB,-42.83703,147.51302,0,0
YMIA,-34.22920,142.08600,0,0
YMLT,-41.54494,147.21078,0,0
YMMB,-37.97776,145.09980,0,0
YMML,-37.67073,144.83790,0,0
YMNE,-27.28733,120.55494,0,0
YMOG,-28.11610,117.84200,0,0
YMOR,-29.49890,149.84500,0,0
YMPC,-37.93220,144.75301,0,1
YMRB,-22.05780,148.07700,0,0
YMRE,-29.66330,138.06500,0,0
YMRY,-35.89780,150.14400,0,0
YMTG,-37.74438,140.78056,0,0
YNAR,-34.70220,146.51199,0,0
YNBR,-30.31920,149.82700,0,0
YNGU,-14.72280,134.74699,0,0
YNRM,-32.21470,148.22501,0,0
YNTN,-17.68409,141.06966,0,0
YNWN,-23.41780,119.80300,0,0
YORG,-33.38201,149.13126,0,0
YPAD,-34.94751,138.53339,0,0
YPAG,-32.50690,137.71700,0,0
YPBO,-23.17110,117.74500,0,0
YPCC,-12.19222,96.83410,0,0
YPDN,-12.41497,130.88185,0,1
YPEA,-31.66780,116.01500,0,1
YPED,-34.70571,138.61556,0,1
YPGV,-12.26940,136.81799,0,0
YPIR,-33.23890,137.99499,0,0
YPJT,-32.09750,115.88100,0,0
YPKA,-20.71220,116.77300,0,0
YPKG,-30.79154,121.46459,0,0
YPKL,-36.99806,145.06418,0,1
YPKS,-33.13140,148.23900,0,0
YPKT,-14.24970,129.52954,0,0
YPKU,-15.77810,128.70799,0,0
YPLC,-34.60530,135.88000,0,0
YPLM,-22.23520,114.09002,0,0
YPMQ,-31.43580,152.86301,0,0
YPOD,-38.31810,141.47099,0,0
YPPD,-20.38279,118.62979,0,0
YPPH,-31.94030,115.96700,0,0
YPTN,-14.52110,132.37801,0,0
YPXM,-10.45039,105.69110,0,0
YQLP,-26.60918,144.25375,0,0
YREN,-34.19640,140.67400,0,0
YROM,-26.54500,148.77499,0,0
YSBK,-33.92362,150.99079,0,0
YSCB,-35.30690,149.19501,0,0
YSCN,-34.03834,150.68641,0,0
YSDU,-32.21670,148.57500,0,0
YSHK,-25.89729,113.57580,0,0
YSHL,-34.56110,150.78900,0,0
YSHT,-36.42834,145.39147,0,0
YSHW,-33.99558,150.95196,0,1
YSMI,-40.83500,145.08400,0,0
YSNK,-11.41767,130.64848,0,0
YSNF,-29.04176,167.93947,0,0
YSNW,-34.94660,150.54245,0,1
YSRI,-33.60465,150.78305,0,1
YSSY,-33.94610,151.17700,0,0
YSTW,-31.07790,150.84548,0,0
YSWG,-35.16348,147.46832,0,0
YSWH,-35.37580,143.53300,0,0
YSWL,-37.07170,142.74100,0,0
YTEF,-21.71500,122.22900,0,0
YTEM,-34.42140,147.51199,0,0
YTGM,-27.98637,143.81206,0,0
YTIB,-29.45110,142.05800,0,0
YTMU,-35.26832,148.24053,0,0
YTNG,-24.49486,150.57797,0,0
YTNK,-19.63440,134.18300,0,0
YTRE,-31.88860,152.51401,0,0
YWDH,-25.41064,142.66843,0,0
YWGT,-36.41791,146.30690,0,0
YWHA,-33.05890,137.51401,0,0
YWKB,-36.32110,142.41901,0,0
YWLG,-30.03280,148.12601,0,0
YWLM,-32.79611,151.83503,0,0
YWLU,-26.63269,120.22191,0,0
YWRN,-31.73330,147.80299,0,0
YWSL,-38.09083,146.96534,0,0
YWTN,-22.36360,143.08600,0,0
YWWL,-33.93720,147.19099,0,0
YWYY,-40.99704,145.72600,0,0
YYNG,-34.25558,148.24712,0,0
Z19O,34.28123,35.68010,0,1
ZBAA,40.07735,116.59670,0,0
ZBAD,39.50129,116.41397,0,0
ZBBB,39.95859,116.25677,0,0
ZBCD,41.12250,118.07389,0,0
ZBCF,42.15972,118.84097,0,0
ZBDH,39.66638,119.06138,0,0
ZBDS,39.49351,109.85990,0,0
ZBDT,40.06139,113.48051,0,0
ZBER,43.42408,112.09108,0,0
ZBES,47.31060,119.91170,0,0
ZBHD,36.52482,114.42413,0,0
ZBHH,40.84966,111.82460,0,0
ZBHZ,45.48722,119.40722,0,0
ZBLA,49.20862,119.82230,0,0
ZBLF,36.13263,111.64124,0,0
ZBLL,37.68333,111.14278,0,0
ZBMZ,49.56667,117.33000,0,0
ZBOW,40.56000,109.99700,0,0
ZBSG,39.27324,112.69155,0,0
ZBSJ,38.28070,114.69700,0,0
ZBTJ,39.12440,117.34600,0,0
ZBTL,43.55670,122.20000,0,0
ZBUC,41.13027,113.10727,0,0
ZBUH,39.79340,106.79930,0,0
ZBXH,43.91560,115.96400,0,0
ZBYC,35.11782,111.03402,0,0
ZBYN,37.74690,112.62800,0,0
ZBYZ,40.92636,107.74093,0,0
ZBZJ,40.73866,114.93340,0,0
ZBZL,47.86594,122.76866,0,0
ZGBH,21.53866,109.29368,0,0
ZGBS,23.72060,106.96000,0,0
ZGCD,28.91890,111.64000,0,0
ZGCJ,27.44309,109.70467,0,0
ZGCZ,25.75342,112.84540,0,0
ZGDY,29.10475,110.44279,0,0
ZGFS,23.08250,113.07083,0,0
ZGGG,23.39240,113.29900,0,0
ZGHA,28.18920,113.22000,0,0
ZGHC,24.80434,107.71082,0,0
ZGHZ,23.05000,114.60000,0,0
ZGKL,25.21983,110.03955,0,0
ZGLG,26.33866,111.61004,0,0
ZGNN,22.59807,108.18192,0,0
ZGOW,23.55200,116.50330,0,0
ZGSD,22.00640,113.37600,0,0
ZGSY,26.80612,110.64104,0,0
ZGSZ,22.63947,113.80326,0,0
ZGWZ,23.40316,111.09331,0,0
ZGXN,24.14920,115.75800,0,1
ZGYL,22.43304,110.12000,0,0
ZGYY,29.31170,113.28157,0,0
ZGZH,24.20750,109.39100,0,1
ZGZJ,21.48167,110.59028,0,0
ZHCC,34.52650,113.84916,0,0
ZHEC,30.34118,115.03926,0,0
ZHES,30.32030,109.48500,0,0
ZHGH,32.38866,111.69425,0,1
ZHHH,30.77480,114.21372,0,0
ZHJZ,30.29281,112.44854,0,0
ZHLY,34.74110,112.38800,0,0
ZHSN,31.62600,110.34000,0,0
ZHSY,32.59289,110.90630,0,0
ZHXF,32.15222,112.29167,0,0
ZHXY,32.54082,114.07914,0,0
ZHYC,30.55413,111.48256,0,0
ZJHK,19.93490,110.45900,0,0
ZJQH,19.14095,110.45277,0,0
ZJSY,18.30290,109.41200,0,0
ZKHM,41.42854,129.64756,0,0
ZKPY,39.22410,125.67000,0,0
ZKSC,39.41246,125.89027,0,1
ZKSD,39.74520,127.47400,0,0
ZKWS,39.16522,127.48793,0,0
ZLDH,40.16195,94.81283,0,0
ZLDL,37.12529,97.26866,0,0
ZLGL,34.41807,100.30114,0,0
ZLGM,36.40060,94.78610,0,0
ZLGY,36.07889,106.21694,0,0
ZLHX,38.20164,90.83784,0,0
ZLHZ,33.13353,107.20382,0,0
ZLIC,38.32276,106.39321,0,0
ZLJC,38.54222,102.34833,0,0
ZLJQ,39.85905,98.33934,0,0
ZLLL,36.51520,103.62000,0,0
ZLLN,33.78992,105.79001,0,0
ZLQY,35.80264,107.59890,0,0
ZLSN,34.37670,109.12000,0,0
ZLTS,34.56010,105.86034,0,0
ZLXH,34.81901,102.62226,0,0
ZLXN,36.52775,102.04022,0,0
ZLXY,34.44221,108.76238,0,0
ZLYA,36.47941,109.46408,0,0
ZLYL,38.35971,109.59093,0,0
ZLYS,32.83639,97.03639,0,0
ZLZW,37.57312,105.15445,0,0
ZLZY,38.80190,100.67500,0,0
UMB,-12.25358,25.44432,0,0
ZMAH,46.25030,102.80200,0,0
ZMAT,46.37640,96.22110,0,0
ZMBH,46.16330,100.70400,0,0
ZMBN,48.85500,103.47600,0,0
ZMBU,46.66030,113.28500,0,0
ZMCD,48.13538,114.64723,0,0
ZMCK,47.64692,106.81983,0,0
ZMDZ,43.60863,104.36773,0,0
ZMKD,47.95410,91.62820,0,0
ZMMN,49.66368,100.10003,0,0
ZMUB,47.84310,106.76700,0,0
ZMUG,50.06659,91.93827,0,0
ZMUL,48.99330,89.92250,0,0
ZPBS,25.05330,99.16830,0,0
ZPCW,23.27633,99.37317,0,0
ZPDL,25.64940,100.31900,0,0
ZPDQ,27.79360,99.67720,0,0
ZPJH,21.97465,100.76222,0,0
ZPJM,22.41773,99.78401,0,0
ZPLC,23.73810,100.02500,0,0
ZPLJ,26.67748,100.24494,0,0
ZPMS,24.40110,98.53170,0,0
ZPPP,25.11031,102.93674,0,0
ZPYM,25.73750,101.88200,0,1
ZSAM,24.54389,118.12745,0,0
ZSAQ,30.58220,117.05000,0,1
ZSBB,32.84773,117.32024,0,0
ZSCG,31.92048,119.77546,0,0
ZSCN,28.86482,115.90271,0,0
ZSDY,37.50137,118.78986,0,0
ZSFY,32.88216,115.73436,0,0
ZSFZ,25.92925,119.67252,0,0
ZSHC,30.23609,120.42887,0,0
ZSHZ,35.21297,115.73675,0,0
ZSJD,29.33860,117.17600,0,0
ZSJG,35.64736,116.74327,0,0
ZSJN,36.85720,117.21600,0,0
ZSJU,28.96613,118.89879,0,0
ZSLG,34.41406,119.17899,0,0
ZSLO,25.67592,116.74591,0,0
ZSLQ,28.56220,121.42900,0,0
ZSLY,35.05292,118.41183,0,0
ZSNB,29.82670,121.46200,0,0
ZSNJ,31.73503,118.86595,0,0
ZSNT,32.07357,120.98008,0,0
ZSOF,31.98779,116.97690,0,0
ZSPD,31.14340,121.80500,0,0
ZSQD,36.36195,120.08817,0,0
ZSQZ,24.79585,118.58860,0,0
ZSRG,32.25834,120.50113,0,1
ZSRZ,35.40503,119.32440,0,0
ZSSH,33.79271,119.12666,0,0
ZSSM,26.42630,117.83360,0,0
ZSSR,28.37970,117.96430,0,0
ZSSS,31.19810,121.33426,0,0
ZSSZ,31.26310,120.40100,0,0
ZSTX,29.73330,118.25600,0,0
ZSWA,31.10450,118.66687,0,0
ZSWF,36.64670,119.11900,0,0
ZSWH,37.18710,122.22900,0,0
ZSWU,31.39060,118.40900,0,1
ZSWX,31.49695,120.43038,0,0
ZSWY,27.70190,118.00100,0,0
ZSWZ,27.91057,120.85346,0,0
ZSXZ,34.05906,117.55528,0,0
ZSYA,32.56340,119.71980,0,0
ZSYC,27.80250,114.30620,0,0
ZSYN,33.42832,120.20545,0,0
ZSYT,37.65972,120.97812,0,0
ZSYW,29.34210,120.03116,0,0
ZSZS,29.93387,122.36231,0,0
ZUAL,32.09794,80.05397,0,0
ZUAS,26.26056,105.87333,0,0
ZUBD,30.55360,97.10830,0,0
ZUBJ,27.26707,105.47210,0,0
ZUCK,29.71225,106.65189,0,0
ZUDA,31.04882,107.43565,0,0
ZUDC,29.31632,100.06032,0,0
ZUDJ,28.12100,108.16310,0,0
ZUDZ,29.63623,105.77362,0,1
ZUGH,30.94850,104.32960,0,0
ZUGU,32.39025,105.69457,0,0
ZUGY,26.54181,106.80402,0,0
ZUHY,32.53154,102.35224,0,0
ZUJZ,32.85333,103.68222,0,0
ZUKD,30.14246,101.73872,0,0
ZUKJ,26.97200,107.98800,0,0
ZULS,29.29800,90.91195,0,0
ZULZ,29.03036,105.46841,0,0
ZUMT,27.96184,106.43542,0,0
ZUMY,31.42810,104.74100,0,0
ZUNP,26.32217,109.14990,0,0
ZUNZ,29.30330,94.33530,0,0
ZUPS,26.60942,104.97900,0,0
ZUQJ,29.51333,108.83111,0,0
ZURK,29.35088,89.29916,0,1
ZPTC,24.93806,98.48583,0,0
ZUTF,30.31252,104.44128,0,0
ZUTR,27.88333,109.30889,0,0
ZUUU,30.55826,103.94597,0,0
ZUWL,29.46566,107.69366,0,0
ZUXC,27.98910,102.18400,0,0
ZUYB,28.85843,104.52616,0,0
ZUYI,25.08342,104.96080,0,0
ZUZH,26.54000,101.79852,0,0
ZUZY,27.81072,107.24719,0,0
ZWAK,41.26250,80.29170,0,0
ZWAT,47.74989,88.08581,0,0
ZWBL,44.89546,82.30007,0,0
ZWCM,38.23452,85.46546,0,0
ZWFY,46.80417,89.51201,0,0
ZWHM,42.84140,93.66920,0,0
ZWKL,41.61498,86.14082,0,0
ZWKN,48.22230,86.99590,0,0
ZWLK,43.75654,93.13716,0,0
ZWNL,43.43180,83.37860,0,0
ZWRQ,38.97472,88.00833,0,0
ZWSC,38.24542,77.05615,0,0
ZWSH,39.54227,76.02023,0,0
ZWSS,42.91170,90.24750,0,0
ZWTL,43.03080,89.09870,0,0
ZWTN,37.03850,79.86490,0,0
ZWWW,43.91358,87.47937,0,0
ZWYN,43.95580,81.33030,0,0
ZYAS,41.10530,122.85400,0,1
ZYBA,45.50528,123.01972,0,0
ZYBS,42.06694,127.60222,0,0
ZYCC,43.99620,125.68500,0,0
ZYCY,41.53810,120.43500,0,0
ZYDD,40.02545,124.28669,0,0
ZYDU,48.44104,126.12837,0,0
ZYFY,48.19722,134.36298,0,0
ZYHB,45.62340,126.25000,0,0
ZYHE,50.17162,127.30888,0,0
ZYJD,50.37139,124.11750,0,0
ZYJM,46.84279,130.46426,0,0
ZYJS,47.10825,132.65792,0,0
ZYJX,45.29300,131.19300,0,0
ZYJZ,40.93603,121.27711,0,0
ZYLD,47.75206,129.01913,0,0
ZYLY,41.27798,123.07873,0,1
ZYMD,44.52517,129.56863,0,0
ZYMH,52.91687,122.42276,0,0
ZYQQ,47.22997,123.91418,0,0
ZYSQ,44.93114,124.55212,0,0
ZYTL,38.96572,121.53848,0,0
ZYTN,42.04843,125.73396,0,0
ZYTX,41.63980,123.48367,0,0
ZYXC,40.58033,120.70037,0,1
ZYYJ,42.88280,129.45100,0,0
ZYYK,40.54252,122.35860,0,0
ZYYY,41.78435,123.49631,0,0
